"hotel_id","month","year","occupancy_rate","avg_daily_rate","revenue_per_room"
1,1,2023,0.98,200,196
1,1,2024,0.98,196,192
1,2,2023,0.98,196,192
1,2,2024,0.98,193,189
1,3,2023,0.98,201,197
1,4,2023,0.98,204,200
1,4,2024,0.98,202,198
1,5,2024,0.98,215,211
1,6,2023,0.98,218,214
1,7,2023,0.98,222,218
1,7,2024,0.98,210,206
1,8,2023,0.98,209,205
1,8,2024,0.98,220,216
1,9,2024,0.98,219,215
1,10,2023,0.98,216,212
1,10,2024,0.98,200,196
1,11,2023,0.98,207,203
1,11,2024,0.98,198,194
1,12,2023,0.98,196,192
1,12,2024,0.98,205,201
2,1,2023,0.82,262,215
2,1,2024,0.83,275,228
2,2,2023,0.84,271,228
2,2,2024,0.77,269,207
2,3,2023,0.79,276,218
2,3,2024,0.79,266,210
2,5,2023,0.85,273,232
2,7,2023,0.86,266,229
2,7,2024,0.89,277,247
2,8,2023,0.88,269,237
2,8,2024,0.86,277,238
2,9,2023,0.84,276,232
2,9,2024,0.82,270,221
2,10,2023,0.88,278,245
2,11,2023,0.83,268,222
2,11,2024,0.76,271,206
2,12,2023,0.84,268,225
3,1,2024,0.8,240,192
3,2,2023,0.79,241,190
3,4,2024,0.8,241,193
3,5,2023,0.76,247,188
3,6,2023,0.78,241,188
3,6,2024,0.83,249,207
3,7,2023,0.79,251,198
3,7,2024,0.82,240,197
3,8,2023,0.83,243,202
3,9,2023,0.82,247,203
3,9,2024,0.85,237,201
3,10,2023,0.82,237,194
3,10,2024,0.81,249,202
3,11,2023,0.8,243,194
3,11,2024,0.82,250,205
3,12,2023,0.82,234,192
3,12,2024,0.76,245,186
4,1,2024,0.8,215,172
4,2,2023,0.79,220,174
4,2,2024,0.83,227,188
4,3,2023,0.81,213,173
4,3,2024,0.76,220,167
4,4,2023,0.82,228,187
4,5,2023,0.85,228,194
4,5,2024,0.84,231,194
4,6,2023,0.82,229,188
4,6,2024,0.82,215,176
4,7,2024,0.87,216,188
4,8,2023,0.86,218,187
4,8,2024,0.79,215,170
4,9,2023,0.83,218,181
4,9,2024,0.88,236,208
4,10,2023,0.78,214,167
4,11,2023,0.8,211,169
4,11,2024,0.82,222,182
4,12,2024,0.85,220,187
5,1,2023,0.77,240,185
5,1,2024,0.83,252,209
5,2,2023,0.8,253,202
5,2,2024,0.85,247,210
5,3,2024,0.83,250,208
5,4,2024,0.88,255,224
5,5,2023,0.81,261,211
5,5,2024,0.82,256,210
5,6,2023,0.85,248,211
5,7,2023,0.89,259,231
5,7,2024,0.86,266,229
5,8,2023,0.89,265,236
5,8,2024,0.86,255,219
5,9,2023,0.82,263,216
5,9,2024,0.83,255,212
5,10,2023,0.79,250,198
5,10,2024,0.86,249,214
5,11,2023,0.84,254,213
5,12,2024,0.86,246,212
6,1,2024,0.83,159,132
6,2,2024,0.79,152,120
6,3,2024,0.81,165,134
6,4,2023,0.8,162,130
6,4,2024,0.76,169,128
6,5,2024,0.75,158,118
6,6,2023,0.77,160,123
6,6,2024,0.78,168,131
6,7,2023,0.78,154,120
6,8,2023,0.81,161,130
6,8,2024,0.81,163,132
6,9,2023,0.79,168,133
6,9,2024,0.82,156,128
6,10,2023,0.79,169,134
6,10,2024,0.8,156,125
6,11,2023,0.83,165,137
6,11,2024,0.82,170,139
6,12,2023,0.77,167,129
6,12,2024,0.83,170,141
9,2,2023,0.98,195,191
9,3,2023,0.98,201,197
9,3,2024,0.98,197,193
9,4,2023,0.98,200,196
9,5,2023,0.98,210,206
9,5,2024,0.98,203,199
9,6,2023,0.98,213,209
9,6,2024,0.98,212,208
9,7,2023,0.98,210,206
9,7,2024,0.98,219,215
9,8,2023,0.98,224,220
9,8,2024,0.98,222,218
9,9,2023,0.98,221,217
9,10,2023,0.98,215,211
9,10,2024,0.98,198,194
9,11,2023,0.98,205,201
9,11,2024,0.98,198,194
9,12,2023,0.98,212,208
9,12,2024,0.98,209,205
10,1,2023,0.98,242,237
10,1,2024,0.98,257,252
10,2,2023,0.98,255,250
10,2,2024,0.98,254,249
10,3,2024,0.98,264,259
10,4,2023,0.98,257,252
10,4,2024,0.98,264,259
10,5,2023,0.98,261,256
10,5,2024,0.98,253,248
10,6,2024,0.98,264,259
10,7,2023,0.98,257,252
10,7,2024,0.98,266,261
10,8,2024,0.98,276,270
10,9,2023,0.98,273,268
10,10,2023,0.98,260,255
10,10,2024,0.98,252,247
10,11,2023,0.98,259,254
10,11,2024,0.98,248,243
10,12,2023,0.98,253,248
12,1,2023,0.8,278,222
12,1,2024,0.81,277,224
12,2,2023,0.84,271,228
12,2,2024,0.8,262,210
12,4,2023,0.78,268,209
12,5,2023,0.78,263,205
12,5,2024,0.78,279,218
12,6,2023,0.84,275,231
12,6,2024,0.82,281,230
12,7,2023,0.84,281,236
12,7,2024,0.89,284,253
12,8,2024,0.85,280,238
12,9,2023,0.82,267,219
12,9,2024,0.83,281,233
12,10,2023,0.86,266,229
12,10,2024,0.83,279,232
12,11,2023,0.81,278,225
12,11,2024,0.77,275,212
12,12,2023,0.81,273,221
12,12,2024,0.78,266,207
13,1,2023,0.8,179,143
13,2,2023,0.77,170,131
13,2,2024,0.79,162,128
13,3,2023,0.79,167,132
13,3,2024,0.84,182,153
13,4,2023,0.84,169,142
13,4,2024,0.76,167,127
13,5,2023,0.82,173,142
13,6,2023,0.82,172,141
13,6,2024,0.77,170,131
13,7,2023,0.82,175,144
13,7,2024,0.81,179,145
13,8,2024,0.82,168,138
13,9,2023,0.79,167,132
13,9,2024,0.79,173,137
13,10,2024,0.84,164,138
13,11,2023,0.82,167,137
13,11,2024,0.79,167,132
13,12,2023,0.76,171,130
14,1,2023,0.8,148,118
14,1,2024,0.79,134,106
14,2,2023,0.79,140,111
14,2,2024,0.72,131,94
14,3,2023,0.73,144,105
14,3,2024,0.82,148,121
14,4,2023,0.83,145,120
14,4,2024,0.81,151,122
14,5,2023,0.77,143,110
14,5,2024,0.79,139,110
14,6,2023,0.83,148,123
14,6,2024,0.74,133,98
14,7,2023,0.81,145,117
14,8,2024,0.8,148,118
14,9,2023,0.81,139,113
14,9,2024,0.76,137,104
14,10,2023,0.8,135,108
14,10,2024,0.82,147,121
14,11,2024,0.73,138,101
14,12,2023,0.73,128,93
14,12,2024,0.8,132,106
15,1,2023,0.78,265,207
15,2,2023,0.86,274,236
15,2,2024,0.82,272,223
15,3,2023,0.79,259,205
15,3,2024,0.82,264,216
15,4,2023,0.77,265,204
15,4,2024,0.78,268,209
15,5,2023,0.83,252,209
15,5,2024,0.79,261,206
15,6,2023,0.83,259,215
15,6,2024,0.79,267,211
15,7,2023,0.85,272,231
15,7,2024,0.78,257,200
15,8,2023,0.82,265,217
15,8,2024,0.78,257,200
15,9,2024,0.85,257,218
15,10,2024,0.8,264,211
15,11,2023,0.78,261,204
15,11,2024,0.85,267,227
15,12,2023,0.87,269,234
16,1,2023,0.98,309,303
16,1,2024,0.98,306,300
16,2,2024,0.98,309,303
16,3,2023,0.98,297,291
16,3,2024,0.98,299,293
16,4,2024,0.98,302,296
16,5,2023,0.98,308,302
16,5,2024,0.98,314,308
16,6,2023,0.98,310,304
16,6,2024,0.98,311,305
16,7,2024,0.98,319,313
16,8,2023,0.98,308,302
16,8,2024,0.98,310,304
16,9,2023,0.98,310,304
16,10,2023,0.98,316,310
16,10,2024,0.98,310,304
16,11,2023,0.98,302,296
16,11,2024,0.98,304,298
16,12,2023,0.98,305,299
16,12,2024,0.98,299,293
18,1,2024,0.77,208,160
18,2,2023,0.86,211,181
18,2,2024,0.84,212,178
18,3,2023,0.78,220,172
18,3,2024,0.8,218,174
18,4,2023,0.8,208,166
18,4,2024,0.84,204,171
18,5,2024,0.78,207,161
18,6,2024,0.76,216,164
18,7,2023,0.81,215,174
18,7,2024,0.84,220,185
18,9,2023,0.81,217,176
18,10,2023,0.83,210,174
18,10,2024,0.79,216,171
18,11,2023,0.78,215,168
18,11,2024,0.76,219,166
18,12,2023,0.8,209,167
18,12,2024,0.82,222,182
20,1,2024,0.82,245,201
20,2,2023,0.8,259,207
20,3,2023,0.8,256,205
20,3,2024,0.8,256,205
20,4,2023,0.84,257,216
20,4,2024,0.81,250,202
20,5,2023,0.88,250,220
20,5,2024,0.83,249,207
20,6,2023,0.84,246,207
20,6,2024,0.83,258,214
20,7,2023,0.85,252,214
20,7,2024,0.91,254,231
20,8,2024,0.89,255,227
20,9,2023,0.88,256,225
20,9,2024,0.87,266,231
20,10,2024,0.79,254,201
20,11,2023,0.84,255,214
20,12,2023,0.85,254,216
20,12,2024,0.86,261,224
21,1,2024,0.98,244,239
21,2,2023,0.98,256,251
21,2,2024,0.98,246,241
21,3,2023,0.98,249,244
21,3,2024,0.98,256,251
21,4,2023,0.98,259,254
21,4,2024,0.98,264,259
21,5,2023,0.98,251,246
21,5,2024,0.98,264,259
21,6,2023,0.98,259,254
21,6,2024,0.98,265,260
21,7,2023,0.98,273,268
21,7,2024,0.98,257,252
21,9,2024,0.98,250,245
21,10,2023,0.98,257,252
21,10,2024,0.98,254,249
21,11,2023,0.98,257,252
21,11,2024,0.98,250,245
21,12,2023,0.98,262,257
24,1,2023,0.76,242,184
24,1,2024,0.77,242,186
24,2,2023,0.84,240,202
24,2,2024,0.81,241,195
24,3,2023,0.78,244,190
24,3,2024,0.81,240,194
24,4,2023,0.8,249,199
24,4,2024,0.8,241,193
24,5,2023,0.81,248,201
24,6,2023,0.86,252,217
24,6,2024,0.8,246,197
24,7,2024,0.82,249,204
24,8,2023,0.87,241,210
24,8,2024,0.81,241,195
24,10,2023,0.8,243,194
24,11,2024,0.81,249,202
24,12,2023,0.76,232,176
24,12,2024,0.8,243,194
25,1,2023,0.84,266,223
25,1,2024,0.78,260,203
25,2,2023,0.86,261,224
25,2,2024,0.82,258,212
25,3,2023,0.79,255,201
25,3,2024,0.78,266,207
25,4,2023,0.85,257,218
25,4,2024,0.81,266,215
25,5,2023,0.81,262,212
25,5,2024,0.77,265,204
25,6,2023,0.79,258,204
25,6,2024,0.75,250,188
25,7,2023,0.83,256,212
25,8,2024,0.79,265,209
25,9,2023,0.76,259,197
25,9,2024,0.79,251,198
25,10,2023,0.85,273,232
25,10,2024,0.84,257,216
25,11,2023,0.79,270,213
25,12,2024,0.84,265,223
26,1,2023,0.98,196,192
26,1,2024,0.98,197,193
26,3,2023,0.98,198,194
26,3,2024,0.98,206,202
26,4,2023,0.98,209,205
26,5,2023,0.98,205,201
26,5,2024,0.98,209,205
26,6,2023,0.98,201,197
26,6,2024,0.98,220,216
26,7,2023,0.98,221,217
26,7,2024,0.98,218,214
26,8,2023,0.98,224,220
26,9,2023,0.98,217,213
26,9,2024,0.98,220,216
26,10,2024,0.98,212,208
26,11,2023,0.98,212,208
26,12,2023,0.98,201,197
26,12,2024,0.98,205,201
27,1,2024,0.8,197,158
27,2,2023,0.78,182,142
27,2,2024,0.75,180,135
27,3,2023,0.82,192,157
27,3,2024,0.83,192,159
27,4,2023,0.79,196,155
27,4,2024,0.76,197,150
27,5,2023,0.82,187,153
27,5,2024,0.8,182,146
27,6,2023,0.78,196,153
27,6,2024,0.84,186,156
27,7,2024,0.82,186,153
27,8,2023,0.82,185,152
27,8,2024,0.77,185,142
27,9,2024,0.8,197,158
27,10,2023,0.75,197,148
27,10,2024,0.76,189,144
27,11,2023,0.76,198,150
27,11,2024,0.74,186,138
27,12,2023,0.8,198,158
27,12,2024,0.76,194,147
28,1,2023,0.84,264,222
28,2,2023,0.8,262,210
28,2,2024,0.79,277,219
28,3,2023,0.86,281,242
28,4,2023,0.8,265,212
28,5,2023,0.81,268,217
28,5,2024,0.81,277,224
28,6,2023,0.8,275,220
28,6,2024,0.87,269,234
28,7,2024,0.87,282,245
28,8,2023,0.87,272,237
28,8,2024,0.86,270,232
28,9,2023,0.81,274,222
28,9,2024,0.84,283,238
28,10,2024,0.81,271,220
28,11,2023,0.85,272,231
28,12,2023,0.85,267,227
28,12,2024,0.85,279,237
29,1,2023,0.84,263,221
29,1,2024,0.87,256,223
29,3,2023,0.87,269,234
29,3,2024,0.81,256,207
29,4,2023,0.78,266,207
29,5,2023,0.79,259,205
29,5,2024,0.79,270,213
29,6,2023,0.8,267,214
29,6,2024,0.78,267,208
29,7,2024,0.77,260,200
29,8,2024,0.8,254,203
29,9,2023,0.76,250,190
29,10,2023,0.85,267,227
29,10,2024,0.82,266,218
29,11,2024,0.8,264,211
29,12,2023,0.81,264,214
31,1,2023,0.98,299,293
31,1,2024,0.98,305,299
31,2,2023,0.98,297,291
31,2,2024,0.98,296,290
31,4,2023,0.98,299,293
31,4,2024,0.98,306,300
31,5,2023,0.98,317,311
31,5,2024,0.98,312,306
31,6,2023,0.98,303,297
31,6,2024,0.98,315,309
31,7,2023,0.98,321,315
31,8,2023,0.98,320,314
31,8,2024,0.98,322,316
31,9,2023,0.98,318,312
31,10,2023,0.98,299,293
31,10,2024,0.98,317,311
31,11,2023,0.98,303,297
31,11,2024,0.98,299,293
31,12,2023,0.98,304,298
31,12,2024,0.98,301,295
32,1,2023,0.98,307,301
32,1,2024,0.98,295,289
32,2,2023,0.98,297,291
32,2,2024,0.98,297,291
32,3,2023,0.98,311,305
32,3,2024,0.98,314,308
32,4,2023,0.98,315,309
32,4,2024,0.98,309,303
32,5,2024,0.98,321,315
32,6,2023,0.98,302,296
32,7,2024,0.98,323,317
32,8,2024,0.98,316,310
32,9,2023,0.98,307,301
32,9,2024,0.98,315,309
32,11,2023,0.98,302,296
32,11,2024,0.98,302,296
33,1,2024,0.98,247,242
33,2,2023,0.98,262,257
33,2,2024,0.98,244,239
33,3,2023,0.98,252,247
33,3,2024,0.98,245,240
33,4,2023,0.98,268,263
33,4,2024,0.98,259,254
33,5,2023,0.98,267,262
33,5,2024,0.98,254,249
33,6,2023,0.98,265,260
33,6,2024,0.98,263,258
33,7,2023,0.98,268,263
33,7,2024,0.98,270,265
33,8,2023,0.98,271,266
33,8,2024,0.98,276,270
33,9,2024,0.98,268,263
33,10,2023,0.98,257,252
33,10,2024,0.98,261,256
33,11,2023,0.98,259,254
33,12,2023,0.98,247,242
33,12,2024,0.98,261,256
34,1,2023,0.72,132,95
34,2,2023,0.73,140,102
34,2,2024,0.79,139,110
34,3,2023,0.76,135,103
34,4,2023,0.83,147,122
34,5,2024,0.8,148,118
34,6,2023,0.79,139,110
34,7,2023,0.78,131,102
34,7,2024,0.78,139,108
34,8,2023,0.82,151,124
34,8,2024,0.79,135,107
34,9,2023,0.76,147,112
34,9,2024,0.75,138,104
34,10,2023,0.81,141,114
34,10,2024,0.74,129,95
34,11,2024,0.78,142,111
34,12,2023,0.74,141,104
34,12,2024,0.82,133,109
35,1,2023,0.98,204,200
35,1,2024,0.98,196,192
35,2,2023,0.98,211,207
35,2,2024,0.98,199,195
35,3,2023,0.98,208,204
35,3,2024,0.98,213,209
35,4,2023,0.98,216,212
35,4,2024,0.98,201,197
35,5,2024,0.98,205,201
35,6,2024,0.98,204,200
35,7,2023,0.98,215,211
35,7,2024,0.98,216,212
35,8,2024,0.98,219,215
35,9,2023,0.98,215,211
35,9,2024,0.98,204,200
35,10,2023,0.98,207,203
35,10,2024,0.98,199,195
35,11,2024,0.98,203,199
35,12,2023,0.98,202,198
36,1,2023,0.77,205,158
36,1,2024,0.82,203,166
36,2,2023,0.82,200,164
36,3,2024,0.83,213,177
36,4,2023,0.87,213,185
36,4,2024,0.8,196,157
36,5,2023,0.85,211,179
36,6,2023,0.89,215,191
36,7,2023,0.86,215,185
36,7,2024,0.85,208,177
36,8,2023,0.86,205,176
36,9,2023,0.83,212,176
36,9,2024,0.82,197,162
36,10,2023,0.82,203,166
36,10,2024,0.8,204,163
36,11,2023,0.8,195,156
36,11,2024,0.82,209,171
36,12,2023,0.82,212,174
36,12,2024,0.8,210,168
37,1,2023,0.75,205,154
37,1,2024,0.81,211,171
37,2,2023,0.82,197,162
37,2,2024,0.8,192,154
37,3,2024,0.82,203,166
37,4,2023,0.83,201,167
37,4,2024,0.88,209,184
37,5,2023,0.87,214,186
37,6,2023,0.81,205,166
37,7,2023,0.89,201,179
37,7,2024,0.88,207,182
37,8,2023,0.87,204,177
37,8,2024,0.86,199,171
37,9,2023,0.81,195,158
37,10,2023,0.82,213,175
37,10,2024,0.85,199,169
37,11,2023,0.83,205,170
37,11,2024,0.81,197,160
37,12,2023,0.86,209,180
37,12,2024,0.79,195,154
38,1,2023,0.98,309,303
38,1,2024,0.98,305,299
38,2,2023,0.98,296,290
38,3,2023,0.98,294,288
38,3,2024,0.98,298,292
38,5,2023,0.98,310,304
38,5,2024,0.98,308,302
38,6,2023,0.98,320,314
38,6,2024,0.98,301,295
38,7,2023,0.98,308,302
38,7,2024,0.98,317,311
38,8,2024,0.98,322,316
38,9,2023,0.98,315,309
38,9,2024,0.98,303,297
38,10,2024,0.98,317,311
38,11,2023,0.98,300,294
38,11,2024,0.98,301,295
38,12,2023,0.98,305,299
40,1,2024,0.98,303,297
40,2,2023,0.98,293,287
40,2,2024,0.98,299,293
40,3,2023,0.98,298,292
40,3,2024,0.98,298,292
40,4,2023,0.98,302,296
40,4,2024,0.98,310,304
40,5,2024,0.98,304,298
40,6,2024,0.98,321,315
40,7,2023,0.98,318,312
40,7,2024,0.98,311,305
40,8,2024,0.98,319,313
40,9,2023,0.98,308,302
40,9,2024,0.98,314,308
40,10,2024,0.98,302,296
40,11,2023,0.98,311,305
40,12,2023,0.98,308,302
40,12,2024,0.98,302,296
41,1,2023,0.84,279,234
41,3,2024,0.78,280,218
41,4,2023,0.85,264,224
41,4,2024,0.78,261,204
41,5,2023,0.82,267,219
41,5,2024,0.79,262,207
41,6,2023,0.83,273,227
41,6,2024,0.87,268,233
41,7,2023,0.87,276,240
41,9,2023,0.85,272,231
41,9,2024,0.86,276,237
41,10,2023,0.8,271,217
41,10,2024,0.78,262,204
41,11,2024,0.77,278,214
41,12,2023,0.86,273,235
41,12,2024,0.77,266,205
42,1,2023,0.81,192,156
42,2,2023,0.78,208,162
42,3,2023,0.8,207,166
42,3,2024,0.83,205,170
42,4,2023,0.8,206,165
42,4,2024,0.79,208,164
42,5,2023,0.86,209,180
42,6,2023,0.85,213,181
42,6,2024,0.9,213,192
42,7,2024,0.9,199,179
42,8,2023,0.91,209,190
42,8,2024,0.81,208,168
42,9,2023,0.82,203,166
42,9,2024,0.84,201,169
42,10,2024,0.8,210,168
42,11,2023,0.78,197,154
42,11,2024,0.77,191,147
42,12,2023,0.85,197,167
42,12,2024,0.85,208,177
43,1,2023,0.81,159,129
43,1,2024,0.79,151,119
43,2,2024,0.82,154,126
43,3,2023,0.82,170,139
43,3,2024,0.81,156,126
43,4,2023,0.79,152,120
43,4,2024,0.79,160,126
43,5,2023,0.73,157,115
43,5,2024,0.79,158,125
43,6,2023,0.79,164,130
43,7,2023,0.75,164,123
43,7,2024,0.76,161,122
43,8,2023,0.83,153,127
43,8,2024,0.77,151,116
43,9,2023,0.83,168,139
43,9,2024,0.81,168,136
43,10,2023,0.78,163,127
43,10,2024,0.75,155,116
43,11,2023,0.78,152,119
43,11,2024,0.84,163,137
43,12,2023,0.75,155,116
43,12,2024,0.78,162,126
45,1,2024,0.74,179,132
45,2,2023,0.73,180,131
45,2,2024,0.73,195,142
45,3,2023,0.73,189,138
45,3,2024,0.77,179,138
45,4,2023,0.72,194,140
45,4,2024,0.7,176,123
45,5,2023,0.72,187,135
45,5,2024,0.72,189,136
45,6,2024,0.76,186,141
45,7,2023,0.77,180,139
45,8,2023,0.78,192,150
45,9,2023,0.75,196,147
45,9,2024,0.78,190,148
45,11,2023,0.77,181,139
45,11,2024,0.73,180,131
45,12,2024,0.69,191,132
47,1,2024,0.71,215,153
47,2,2023,0.75,212,159
47,2,2024,0.72,214,154
47,3,2023,0.78,211,165
47,3,2024,0.74,227,168
47,5,2023,0.77,216,166
47,6,2023,0.74,220,163
47,6,2024,0.71,212,151
47,7,2023,0.71,215,153
47,7,2024,0.71,225,160
47,8,2023,0.79,220,174
47,8,2024,0.72,219,158
47,9,2023,0.77,228,176
47,10,2023,0.71,223,158
47,10,2024,0.72,207,149
47,11,2023,0.71,223,158
47,11,2024,0.72,215,155
47,12,2023,0.79,225,178
47,12,2024,0.72,217,156
49,1,2023,0.79,211,167
49,1,2024,0.76,227,173
49,2,2024,0.75,219,164
49,3,2023,0.77,214,165
49,3,2024,0.75,227,170
49,4,2023,0.79,228,180
49,4,2024,0.77,211,162
49,5,2023,0.79,212,167
49,5,2024,0.71,220,156
49,6,2023,0.74,218,161
49,6,2024,0.76,225,171
49,7,2023,0.78,229,179
49,7,2024,0.76,209,159
49,8,2024,0.8,226,181
49,9,2023,0.77,223,172
49,9,2024,0.73,213,155
49,10,2024,0.76,222,169
49,11,2023,0.8,210,168
49,11,2024,0.75,216,162
49,12,2023,0.71,221,157
49,12,2024,0.74,226,167
50,1,2023,0.74,182,135
50,1,2024,0.8,192,154
50,2,2023,0.79,199,157
50,3,2023,0.75,186,140
50,3,2024,0.74,196,145
50,4,2024,0.82,191,157
50,5,2023,0.81,195,158
50,5,2024,0.76,182,138
50,6,2024,0.75,197,148
50,7,2023,0.81,197,160
50,7,2024,0.78,182,142
50,8,2023,0.81,189,153
50,8,2024,0.78,200,156
50,9,2023,0.85,195,166
50,9,2024,0.83,202,168
50,10,2023,0.79,195,154
50,10,2024,0.76,197,150
50,11,2023,0.74,188,139
50,11,2024,0.82,195,160
50,12,2023,0.76,180,137
50,12,2024,0.76,183,139
51,1,2023,0.79,217,171
51,1,2024,0.81,209,169
51,2,2023,0.85,210,178
51,2,2024,0.78,207,161
51,3,2023,0.77,204,157
51,3,2024,0.85,222,189
51,4,2023,0.77,206,159
51,4,2024,0.75,199,149
51,5,2023,0.82,206,169
51,5,2024,0.81,209,169
51,6,2023,0.77,213,164
51,6,2024,0.82,216,177
51,7,2023,0.8,215,172
51,8,2024,0.78,201,157
51,9,2023,0.81,210,170
51,9,2024,0.75,204,153
51,10,2023,0.79,208,164
51,11,2023,0.83,221,183
51,11,2024,0.82,215,176
51,12,2023,0.78,212,165
51,12,2024,0.8,204,163
53,1,2023,0.79,198,156
53,1,2024,0.84,194,163
53,2,2023,0.85,198,168
53,2,2024,0.77,203,156
53,3,2023,0.79,206,163
53,3,2024,0.79,195,154
53,4,2023,0.83,207,172
53,4,2024,0.82,213,175
53,5,2023,0.81,196,159
53,5,2024,0.85,198,168
53,6,2023,0.83,195,162
53,6,2024,0.8,209,167
53,7,2024,0.86,198,170
53,8,2023,0.86,206,177
53,8,2024,0.85,214,182
53,9,2023,0.87,207,180
53,9,2024,0.88,210,185
53,10,2023,0.84,207,174
53,10,2024,0.85,203,173
53,11,2023,0.8,208,166
53,11,2024,0.84,207,174
53,12,2023,0.82,193,158
53,12,2024,0.85,204,173
54,1,2023,0.8,267,214
54,1,2024,0.87,257,224
54,2,2023,0.82,267,219
54,3,2023,0.83,269,223
54,3,2024,0.78,252,197
54,4,2023,0.83,269,223
54,4,2024,0.85,255,217
54,5,2023,0.78,251,196
54,6,2023,0.81,258,209
54,6,2024,0.8,269,215
54,7,2023,0.81,266,215
54,7,2024,0.82,261,214
54,8,2024,0.76,256,195
54,9,2023,0.79,255,201
54,9,2024,0.76,253,192
54,10,2024,0.79,270,213
54,11,2024,0.81,253,205
54,12,2023,0.83,262,217
54,12,2024,0.81,254,206
55,1,2023,0.85,155,132
55,2,2024,0.83,159,132
55,3,2024,0.76,160,122
55,4,2024,0.82,159,130
55,5,2023,0.76,163,124
55,5,2024,0.74,162,120
55,6,2023,0.8,168,134
55,6,2024,0.77,150,116
55,7,2023,0.8,164,131
55,7,2024,0.83,155,129
55,8,2024,0.75,158,118
55,9,2023,0.81,166,134
55,10,2023,0.76,155,118
55,10,2024,0.82,168,138
55,11,2023,0.75,163,122
55,12,2023,0.77,156,120
55,12,2024,0.8,156,125
56,1,2023,0.98,254,249
56,1,2024,0.98,257,252
56,2,2023,0.98,254,249
56,2,2024,0.98,250,245
56,4,2023,0.98,251,246
56,4,2024,0.98,250,245
56,5,2023,0.98,256,251
56,5,2024,0.98,268,263
56,6,2023,0.98,269,264
56,6,2024,0.98,259,254
56,7,2023,0.98,260,255
56,7,2024,0.98,264,259
56,8,2023,0.98,261,256
56,9,2023,0.98,272,267
56,10,2023,0.98,250,245
56,10,2024,0.98,256,251
56,11,2024,0.98,262,257
57,1,2023,0.85,266,226
57,2,2023,0.85,262,223
57,2,2024,0.8,263,210
57,3,2023,0.78,257,200
57,4,2023,0.83,271,225
57,4,2024,0.8,260,208
57,5,2023,0.78,257,200
57,5,2024,0.84,261,219
57,6,2023,0.79,254,201
57,6,2024,0.78,256,200
57,7,2023,0.77,254,196
57,8,2024,0.78,257,200
57,9,2023,0.79,251,198
57,10,2023,0.83,266,221
57,10,2024,0.82,253,207
57,11,2023,0.83,259,215
57,11,2024,0.76,267,203
57,12,2023,0.78,263,205
58,1,2023,0.76,149,113
58,1,2024,0.84,158,133
58,2,2023,0.82,153,125
58,2,2024,0.81,148,120
58,3,2023,0.77,152,117
58,3,2024,0.85,147,125
58,4,2023,0.85,162,138
58,5,2023,0.79,142,112
58,6,2023,0.8,150,120
58,7,2023,0.85,150,128
58,7,2024,0.82,153,125
58,8,2024,0.84,145,122
58,10,2023,0.81,159,129
58,10,2024,0.86,162,139
58,11,2023,0.79,159,126
58,11,2024,0.77,146,112
58,12,2023,0.8,158,126
59,1,2023,0.98,209,205
59,1,2024,0.98,193,189
59,2,2023,0.98,213,209
59,2,2024,0.98,204,200
59,3,2023,0.98,199,195
59,3,2024,0.98,200,196
59,4,2023,0.98,203,199
59,4,2024,0.98,206,202
59,5,2023,0.98,213,209
59,5,2024,0.98,214,210
59,6,2024,0.98,212,208
59,7,2023,0.98,226,221
59,7,2024,0.98,214,210
59,8,2024,0.98,209,205
59,9,2023,0.98,219,215
59,9,2024,0.98,204,200
59,10,2024,0.98,213,209
59,11,2023,0.98,202,198
59,11,2024,0.98,203,199
59,12,2023,0.98,201,197
59,12,2024,0.98,200,196
60,1,2023,0.84,220,185
60,1,2024,0.79,213,168
60,2,2023,0.86,213,183
60,4,2023,0.82,221,181
60,4,2024,0.81,208,168
60,5,2024,0.82,202,166
60,6,2023,0.82,220,180
60,6,2024,0.84,214,180
60,8,2023,0.78,216,168
60,8,2024,0.77,204,157
60,9,2023,0.76,202,154
60,9,2024,0.76,205,156
60,10,2024,0.81,202,164
60,11,2023,0.78,204,159
60,11,2024,0.82,214,175
60,12,2023,0.8,204,163
60,12,2024,0.77,220,169
61,1,2023,0.77,153,118
61,1,2024,0.77,155,119
61,2,2024,0.7,164,115
61,3,2023,0.72,148,107
61,3,2024,0.73,149,109
61,4,2023,0.73,149,109
61,5,2023,0.76,155,118
61,5,2024,0.7,147,103
61,6,2023,0.78,151,118
61,6,2024,0.76,155,118
61,7,2023,0.72,163,117
61,8,2023,0.72,163,117
61,8,2024,0.72,163,117
61,9,2023,0.7,157,110
61,9,2024,0.78,163,127
61,10,2024,0.75,164,123
61,11,2023,0.7,162,113
61,12,2023,0.69,162,112
62,1,2023,0.76,240,182
62,1,2024,0.81,254,206
62,2,2023,0.84,261,219
62,2,2024,0.82,255,209
62,3,2023,0.79,260,205
62,4,2023,0.89,250,222
62,4,2024,0.83,256,212
62,5,2024,0.87,261,227
62,6,2023,0.82,261,214
62,7,2023,0.83,255,212
62,8,2023,0.87,251,218
62,8,2024,0.88,252,222
62,9,2023,0.82,259,212
62,9,2024,0.86,253,218
62,10,2023,0.88,247,217
62,10,2024,0.85,256,218
62,11,2023,0.8,251,201
62,12,2023,0.78,261,204
62,12,2024,0.88,256,225
63,1,2023,0.98,209,205
63,1,2024,0.98,200,196
63,2,2023,0.98,196,192
63,2,2024,0.98,203,199
63,3,2023,0.98,208,204
63,3,2024,0.98,204,200
63,4,2023,0.98,202,198
63,4,2024,0.98,201,197
63,5,2023,0.98,215,211
63,6,2023,0.98,202,198
63,6,2024,0.98,203,199
63,7,2023,0.98,208,204
63,7,2024,0.98,206,202
63,8,2023,0.98,208,204
63,8,2024,0.98,220,216
63,9,2024,0.98,209,205
63,10,2023,0.98,215,211
63,10,2024,0.98,201,197
63,11,2023,0.98,195,191
63,11,2024,0.98,199,195
64,1,2023,0.98,308,302
64,2,2024,0.98,298,292
64,3,2023,0.98,311,305
64,3,2024,0.98,296,290
64,4,2023,0.98,313,307
64,4,2024,0.98,309,303
64,5,2023,0.98,318,312
64,5,2024,0.98,311,305
64,7,2023,0.98,318,312
64,7,2024,0.98,310,304
64,8,2023,0.98,326,319
64,8,2024,0.98,322,316
64,9,2023,0.98,319,313
64,10,2023,0.98,312,306
64,10,2024,0.98,309,303
64,11,2024,0.98,297,291
64,12,2023,0.98,299,293
64,12,2024,0.98,297,291
65,1,2024,0.98,302,296
65,2,2023,0.98,310,304
65,2,2024,0.98,311,305
65,3,2023,0.98,313,307
65,3,2024,0.98,309,303
65,4,2023,0.98,302,296
65,4,2024,0.98,304,298
65,5,2024,0.98,318,312
65,6,2023,0.98,305,299
65,7,2023,0.98,323,317
65,7,2024,0.98,318,312
65,8,2023,0.98,322,316
65,8,2024,0.98,312,306
65,9,2023,0.98,321,315
65,9,2024,0.98,319,313
65,10,2023,0.98,310,304
65,10,2024,0.98,307,301
65,11,2023,0.98,296,290
65,11,2024,0.98,305,299
65,12,2024,0.98,302,296
68,1,2023,0.84,154,129
68,1,2024,0.84,155,130
68,2,2023,0.82,166,136
68,3,2024,0.82,163,134
68,4,2023,0.81,164,133
68,4,2024,0.77,164,126
68,5,2023,0.73,154,112
68,5,2024,0.74,149,110
68,6,2023,0.79,162,128
68,6,2024,0.78,159,124
68,7,2023,0.81,167,135
68,7,2024,0.75,165,124
68,8,2023,0.83,166,138
68,8,2024,0.82,156,128
68,9,2023,0.73,162,118
68,9,2024,0.8,164,131
68,10,2024,0.76,163,124
68,11,2023,0.84,162,136
68,11,2024,0.82,157,129
68,12,2023,0.79,161,127
68,12,2024,0.82,172,141
69,1,2023,0.78,165,129
69,1,2024,0.8,175,140
69,2,2023,0.8,176,141
69,2,2024,0.75,171,128
69,3,2023,0.79,173,137
69,3,2024,0.78,167,130
69,4,2024,0.77,162,125
69,5,2023,0.76,160,122
69,5,2024,0.76,166,126
69,6,2023,0.82,171,140
69,6,2024,0.79,168,133
69,7,2023,0.78,167,130
69,7,2024,0.78,179,140
69,8,2023,0.78,161,126
69,8,2024,0.85,166,141
69,9,2023,0.82,178,146
69,10,2024,0.8,166,133
69,11,2023,0.84,172,144
69,11,2024,0.78,164,128
69,12,2023,0.76,177,135
69,12,2024,0.8,179,143
71,1,2023,0.78,163,127
71,1,2024,0.74,172,127
71,2,2023,0.79,177,140
71,2,2024,0.84,167,140
71,3,2023,0.84,180,151
71,4,2024,0.82,174,143
71,5,2023,0.76,174,132
71,5,2024,0.81,167,135
71,6,2024,0.86,167,144
71,7,2024,0.82,171,140
71,8,2023,0.79,170,134
71,8,2024,0.8,170,136
71,9,2024,0.8,179,143
71,10,2023,0.78,177,138
71,11,2023,0.75,176,132
71,11,2024,0.76,166,126
71,12,2023,0.84,179,150
71,12,2024,0.76,165,125
72,2,2023,0.98,196,192
72,3,2023,0.98,203,199
72,3,2024,0.98,208,204
72,5,2023,0.98,215,211
72,5,2024,0.98,211,207
72,6,2023,0.98,217,213
72,6,2024,0.98,206,202
72,7,2023,0.98,222,218
72,7,2024,0.98,217,213
72,8,2023,0.98,225,220
72,8,2024,0.98,226,221
72,9,2023,0.98,218,214
72,10,2023,0.98,205,201
72,11,2023,0.98,193,189
72,12,2023,0.98,203,199
72,12,2024,0.98,212,208
73,1,2023,0.98,293,287
73,2,2024,0.98,310,304
73,3,2023,0.98,303,297
73,3,2024,0.98,300,294
73,4,2023,0.98,307,301
73,4,2024,0.98,318,312
73,5,2023,0.98,305,299
73,6,2023,0.98,302,296
73,7,2023,0.98,316,310
73,7,2024,0.98,314,308
73,8,2023,0.98,309,303
73,8,2024,0.98,328,321
73,9,2023,0.98,313,307
73,10,2023,0.98,314,308
73,10,2024,0.98,312,306
73,11,2023,0.98,306,300
73,12,2023,0.98,308,302
73,12,2024,0.98,294,288
75,1,2023,0.87,268,233
75,1,2024,0.85,261,222
75,2,2023,0.81,259,210
75,2,2024,0.8,253,202
75,3,2023,0.82,253,207
75,3,2024,0.77,261,201
75,4,2023,0.85,269,229
75,4,2024,0.82,257,211
75,5,2023,0.77,256,197
75,5,2024,0.82,268,220
75,7,2023,0.78,262,204
75,7,2024,0.81,253,205
75,8,2023,0.8,260,208
75,8,2024,0.77,260,200
75,9,2023,0.84,261,219
75,9,2024,0.82,257,211
75,10,2023,0.75,262,196
75,10,2024,0.82,271,222
75,11,2023,0.86,266,229
75,11,2024,0.81,268,217
75,12,2023,0.79,261,206
75,12,2024,0.85,265,225
76,1,2023,0.76,228,173
76,1,2024,0.83,212,176
76,2,2023,0.79,214,169
76,2,2024,0.77,229,176
76,3,2023,0.83,226,188
76,3,2024,0.76,215,163
76,4,2023,0.79,224,177
76,4,2024,0.77,225,173
76,5,2023,0.77,215,166
76,5,2024,0.8,227,182
76,6,2023,0.81,213,173
76,6,2024,0.87,222,193
76,7,2023,0.84,227,191
76,7,2024,0.81,222,180
76,8,2023,0.87,230,200
76,8,2024,0.8,231,185
76,9,2023,0.86,230,198
76,9,2024,0.85,229,195
76,10,2023,0.8,223,178
76,10,2024,0.85,234,199
76,11,2023,0.84,226,190
76,11,2024,0.82,218,179
76,12,2023,0.85,223,190
76,12,2024,0.76,215,163
77,1,2024,0.8,209,167
77,2,2023,0.78,207,161
77,2,2024,0.85,219,186
77,3,2023,0.83,213,177
77,3,2024,0.85,217,184
77,4,2024,0.75,208,156
77,5,2023,0.74,217,161
77,7,2023,0.79,203,160
77,8,2023,0.84,211,177
77,8,2024,0.77,210,162
77,9,2023,0.79,202,160
77,9,2024,0.82,204,167
77,10,2023,0.81,208,168
77,11,2023,0.78,217,169
77,11,2024,0.8,213,170
77,12,2023,0.77,211,162
77,12,2024,0.79,216,171
78,1,2023,0.8,255,204
78,1,2024,0.87,266,231
78,2,2023,0.82,272,223
78,2,2024,0.86,268,230
78,3,2023,0.84,271,228
78,4,2023,0.77,262,202
78,4,2024,0.85,272,231
78,5,2023,0.8,267,214
78,5,2024,0.79,265,209
78,6,2023,0.82,271,222
78,6,2024,0.76,264,201
78,7,2023,0.76,267,203
78,7,2024,0.85,266,226
78,8,2024,0.79,264,209
78,9,2024,0.81,262,212
78,10,2023,0.82,264,216
78,10,2024,0.8,270,216
78,11,2023,0.8,254,203
78,11,2024,0.86,263,226
78,12,2023,0.77,265,204
80,1,2023,0.77,149,115
80,2,2023,0.8,140,112
80,2,2024,0.76,140,106
80,3,2023,0.77,137,105
80,3,2024,0.77,133,102
80,5,2023,0.74,146,108
80,5,2024,0.74,138,102
80,6,2023,0.83,137,114
80,6,2024,0.81,132,107
80,7,2023,0.82,145,119
80,7,2024,0.81,137,111
80,8,2023,0.78,135,105
80,8,2024,0.79,149,118
80,9,2023,0.84,153,129
80,9,2024,0.74,130,96
80,10,2024,0.79,144,114
80,11,2023,0.78,140,109
80,11,2024,0.73,135,99
80,12,2023,0.79,150,118
80,12,2024,0.79,137,108
81,1,2023,0.78,153,119
81,2,2023,0.79,163,129
81,2,2024,0.84,159,134
81,3,2023,0.84,169,142
81,3,2024,0.82,161,132
81,4,2023,0.74,162,120
81,4,2024,0.74,165,122
81,5,2023,0.8,161,129
81,5,2024,0.74,154,114
81,6,2023,0.81,166,134
81,6,2024,0.77,153,118
81,7,2023,0.78,167,130
81,7,2024,0.75,156,117
81,8,2023,0.8,170,136
81,8,2024,0.75,154,116
81,9,2023,0.75,150,112
81,9,2024,0.82,164,134
81,10,2023,0.77,159,122
81,10,2024,0.75,157,118
81,11,2024,0.79,167,132
81,12,2024,0.81,160,130
82,1,2024,0.84,195,164
82,2,2023,0.77,193,149
82,2,2024,0.82,197,162
82,3,2023,0.82,212,174
82,4,2023,0.85,207,176
82,4,2024,0.85,198,168
82,5,2023,0.81,206,167
82,5,2024,0.88,197,173
82,6,2023,0.82,197,162
82,6,2024,0.81,199,161
82,7,2023,0.83,205,170
82,8,2023,0.85,199,169
82,8,2024,0.89,201,179
82,9,2023,0.87,214,186
82,9,2024,0.85,196,167
82,10,2023,0.85,204,173
82,10,2024,0.83,200,166
82,11,2023,0.8,196,157
82,11,2024,0.8,198,158
82,12,2023,0.82,205,168
82,12,2024,0.79,200,158
83,1,2023,0.77,172,132
83,2,2024,0.81,164,133
83,3,2023,0.82,179,147
83,3,2024,0.82,171,140
83,4,2023,0.82,168,138
83,4,2024,0.82,166,136
83,5,2023,0.8,164,131
83,5,2024,0.81,178,144
83,6,2023,0.79,178,141
83,6,2024,0.84,178,150
83,7,2023,0.83,174,144
83,7,2024,0.84,179,150
83,8,2023,0.81,170,138
83,8,2024,0.82,175,144
83,9,2023,0.77,173,133
83,9,2024,0.79,163,129
83,10,2023,0.78,170,133
83,10,2024,0.76,160,122
83,11,2023,0.75,165,124
83,11,2024,0.75,165,124
83,12,2023,0.83,169,140
83,12,2024,0.83,177,147
85,2,2023,0.83,164,136
85,3,2023,0.79,169,134
85,3,2024,0.8,160,128
85,4,2023,0.81,164,133
85,4,2024,0.76,156,119
85,5,2023,0.73,156,114
85,5,2024,0.77,159,122
85,6,2023,0.78,150,117
85,6,2024,0.77,163,126
85,7,2023,0.74,149,110
85,8,2023,0.78,156,122
85,8,2024,0.82,167,137
85,9,2023,0.83,170,141
85,9,2024,0.81,163,132
85,10,2023,0.74,149,110
85,10,2024,0.8,167,134
85,11,2023,0.82,163,134
85,11,2024,0.78,169,132
85,12,2023,0.8,168,134
85,12,2024,0.84,171,144
87,1,2023,0.98,295,289
87,1,2024,0.98,293,287
87,2,2023,0.98,304,298
87,3,2023,0.98,312,306
87,3,2024,0.98,299,293
87,4,2023,0.98,304,298
87,5,2023,0.98,308,302
87,6,2023,0.98,319,313
87,6,2024,0.98,307,301
87,7,2023,0.98,314,308
87,7,2024,0.98,312,306
87,8,2023,0.98,322,316
87,8,2024,0.98,313,307
87,9,2023,0.98,311,305
87,9,2024,0.98,305,299
87,11,2023,0.98,309,303
87,11,2024,0.98,301,295
87,12,2023,0.98,311,305
87,12,2024,0.98,311,305
89,1,2023,0.98,253,248
89,1,2024,0.98,243,238
89,2,2023,0.98,254,249
89,3,2024,0.98,245,240
89,4,2024,0.98,256,251
89,5,2023,0.98,270,265
89,5,2024,0.98,252,247
89,6,2024,0.98,256,251
89,7,2023,0.98,271,266
89,7,2024,0.98,272,267
89,8,2023,0.98,272,267
89,8,2024,0.98,274,269
89,9,2023,0.98,269,264
89,9,2024,0.98,264,259
89,10,2023,0.98,257,252
89,10,2024,0.98,257,252
89,11,2023,0.98,261,256
89,11,2024,0.98,254,249
89,12,2023,0.98,260,255
89,12,2024,0.98,246,241
90,1,2023,0.8,279,223
90,2,2023,0.77,275,212
90,2,2024,0.78,270,211
90,3,2023,0.82,263,216
90,4,2023,0.82,262,215
90,4,2024,0.82,276,226
90,5,2023,0.79,278,220
90,5,2024,0.79,278,220
90,6,2023,0.88,271,238
90,6,2024,0.79,273,216
90,7,2023,0.89,270,240
90,8,2023,0.88,270,238
90,8,2024,0.85,271,230
90,9,2023,0.82,267,219
90,9,2024,0.84,283,238
90,10,2023,0.81,281,228
90,10,2024,0.79,261,206
90,11,2023,0.84,280,235
90,12,2023,0.83,268,222
91,2,2023,0.98,200,196
91,3,2023,0.98,211,207
91,3,2024,0.98,206,202
91,4,2024,0.98,206,202
91,5,2023,0.98,202,198
91,5,2024,0.98,219,215
91,6,2023,0.98,212,208
91,6,2024,0.98,219,215
91,7,2023,0.98,211,207
91,7,2024,0.98,224,220
91,8,2023,0.98,227,222
91,8,2024,0.98,225,220
91,9,2023,0.98,217,213
91,9,2024,0.98,201,197
91,10,2023,0.98,202,198
91,11,2023,0.98,192,188
91,12,2023,0.98,207,203
91,12,2024,0.98,194,190
92,1,2023,0.79,210,166
92,1,2024,0.81,194,157
92,2,2023,0.8,202,162
92,2,2024,0.77,190,146
92,3,2023,0.8,211,169
92,3,2024,0.78,198,154
92,4,2023,0.81,197,160
92,4,2024,0.78,193,151
92,5,2023,0.81,196,159
92,5,2024,0.82,194,159
92,6,2023,0.79,200,158
92,6,2024,0.83,197,164
92,7,2023,0.85,214,182
92,7,2024,0.89,204,182
92,9,2023,0.85,215,183
92,9,2024,0.81,202,164
92,10,2023,0.81,201,163
92,10,2024,0.82,195,160
92,11,2023,0.81,204,165
92,11,2024,0.79,210,166
92,12,2023,0.81,204,165
92,12,2024,0.8,200,160
93,1,2023,0.82,218,179
93,2,2023,0.81,228,185
93,2,2024,0.84,223,187
93,3,2024,0.85,229,195
93,4,2024,0.8,231,185
93,5,2024,0.78,227,177
93,6,2023,0.84,217,182
93,6,2024,0.85,223,190
93,7,2024,0.81,215,174
93,8,2023,0.81,223,181
93,8,2024,0.81,223,181
93,9,2023,0.79,213,168
93,9,2024,0.86,222,191
93,10,2023,0.85,229,195
93,10,2024,0.83,221,183
93,11,2023,0.76,211,160
93,11,2024,0.76,210,160
93,12,2023,0.78,224,175
93,12,2024,0.76,213,162
97,1,2024,0.76,219,166
97,2,2024,0.83,222,184
97,3,2023,0.78,223,174
97,3,2024,0.82,220,180
97,4,2023,0.86,215,185
97,4,2024,0.77,211,162
97,5,2023,0.83,226,188
97,6,2023,0.78,223,174
97,6,2024,0.8,220,176
97,7,2023,0.78,227,177
97,7,2024,0.79,230,182
97,8,2023,0.86,218,187
97,9,2023,0.81,222,180
97,9,2024,0.85,229,195
97,10,2023,0.85,218,185
97,10,2024,0.82,228,187
97,11,2023,0.83,225,187
97,11,2024,0.85,233,198
97,12,2023,0.77,226,174
97,12,2024,0.82,216,177
98,1,2023,0.98,255,250
98,1,2024,0.98,254,249
98,2,2023,0.98,259,254
98,2,2024,0.98,243,238
98,3,2024,0.98,248,243
98,4,2023,0.98,259,254
98,4,2024,0.98,262,257
98,5,2023,0.98,265,260
98,5,2024,0.98,259,254
98,6,2023,0.98,269,264
98,7,2023,0.98,269,264
98,8,2023,0.98,260,255
98,8,2024,0.98,266,261
98,9,2023,0.98,267,262
98,9,2024,0.98,267,262
98,10,2023,0.98,259,254
98,12,2024,0.98,257,252
99,1,2023,0.98,254,249
99,1,2024,0.98,250,245
99,2,2024,0.98,260,255
99,3,2023,0.98,262,257
99,3,2024,0.98,254,249
99,4,2023,0.98,258,253
99,4,2024,0.98,269,264
99,5,2023,0.98,251,246
99,5,2024,0.98,256,251
99,6,2023,0.98,258,253
99,7,2023,0.98,275,270
99,8,2023,0.98,270,265
99,8,2024,0.98,276,270
99,9,2023,0.98,270,265
99,9,2024,0.98,251,246
99,10,2023,0.98,256,251
99,10,2024,0.98,255,250
99,11,2023,0.98,255,250
99,12,2023,0.98,246,241
99,12,2024,0.98,256,251
100,1,2023,0.98,308,302
100,1,2024,0.98,302,296
100,2,2024,0.98,312,306
100,3,2023,0.98,301,295
100,3,2024,0.98,294,288
100,6,2023,0.98,316,310
100,6,2024,0.98,320,314
100,7,2024,0.98,323,317
100,8,2023,0.98,318,312
100,8,2024,0.98,311,305
100,9,2023,0.98,314,308
100,9,2024,0.98,308,302
100,10,2024,0.98,299,293
100,11,2023,0.98,305,299
100,12,2023,0.98,305,299
100,12,2024,0.98,299,293
101,1,2023,0.76,164,125
101,1,2024,0.74,175,130
101,2,2023,0.8,178,142
101,2,2024,0.79,172,136
101,3,2023,0.82,164,134
101,3,2024,0.76,174,132
101,4,2024,0.77,163,126
101,5,2024,0.76,163,124
101,8,2023,0.8,176,141
101,8,2024,0.79,170,134
101,9,2023,0.77,169,130
101,9,2024,0.77,164,126
101,10,2023,0.83,171,142
101,10,2024,0.84,168,141
101,11,2024,0.81,164,133
101,12,2024,0.81,165,134
102,1,2023,0.81,166,134
102,1,2024,0.82,158,130
102,2,2023,0.81,158,128
102,2,2024,0.81,172,139
102,4,2023,0.73,155,113
102,4,2024,0.8,163,130
102,5,2023,0.82,164,134
102,5,2024,0.81,159,129
102,6,2023,0.77,168,129
102,6,2024,0.81,169,137
102,7,2023,0.76,159,121
102,8,2023,0.74,167,124
102,8,2024,0.79,153,121
102,9,2023,0.8,162,130
102,10,2023,0.81,158,128
102,11,2023,0.79,151,119
102,11,2024,0.84,156,131
102,12,2024,0.79,153,121
103,1,2023,0.82,167,137
103,1,2024,0.82,169,139
103,2,2023,0.77,154,119
103,2,2024,0.77,166,128
103,3,2024,0.8,158,126
103,4,2024,0.83,157,130
103,5,2023,0.78,160,125
103,5,2024,0.79,151,119
103,6,2024,0.79,155,122
103,7,2023,0.81,170,138
103,7,2024,0.82,161,132
103,8,2023,0.76,167,127
103,8,2024,0.79,155,122
103,9,2023,0.78,166,129
103,9,2024,0.75,160,120
103,10,2023,0.81,171,139
103,10,2024,0.83,172,143
103,11,2024,0.75,165,124
103,12,2023,0.85,161,137
103,12,2024,0.79,158,125
104,1,2023,0.79,225,178
104,2,2023,0.77,218,168
104,2,2024,0.84,215,181
104,3,2023,0.83,217,180
104,3,2024,0.84,222,186
104,4,2023,0.83,228,189
104,4,2024,0.84,220,185
104,5,2024,0.77,226,174
104,6,2023,0.81,226,183
104,6,2024,0.81,224,181
104,7,2023,0.85,225,191
104,8,2023,0.83,219,182
104,8,2024,0.88,226,199
104,9,2023,0.78,223,174
104,10,2023,0.87,234,204
104,10,2024,0.83,224,186
104,11,2023,0.82,220,180
104,11,2024,0.79,222,175
104,12,2024,0.81,223,181
106,1,2023,0.75,177,133
106,1,2024,0.78,179,140
106,2,2024,0.79,172,136
106,3,2023,0.77,172,132
106,4,2023,0.79,185,146
106,4,2024,0.72,177,127
106,5,2024,0.71,181,129
106,6,2023,0.71,168,119
106,6,2024,0.77,181,139
106,7,2023,0.75,171,128
106,7,2024,0.76,177,135
106,8,2023,0.8,181,145
106,8,2024,0.7,176,123
106,9,2023,0.78,188,147
106,9,2024,0.77,187,144
106,10,2023,0.77,183,141
106,10,2024,0.74,177,131
106,11,2023,0.77,188,145
106,11,2024,0.76,173,131
106,12,2024,0.79,173,137
107,1,2023,0.74,154,114
107,1,2024,0.78,167,130
107,2,2023,0.74,148,110
107,2,2024,0.77,168,129
107,3,2023,0.7,161,113
107,3,2024,0.78,152,119
107,4,2023,0.7,148,104
107,4,2024,0.77,149,115
107,5,2023,0.71,164,116
107,5,2024,0.78,157,122
107,6,2023,0.73,165,120
107,6,2024,0.78,164,128
107,7,2023,0.76,164,125
107,7,2024,0.69,157,108
107,8,2024,0.72,149,107
107,9,2023,0.71,161,114
107,9,2024,0.76,151,115
107,10,2023,0.73,148,108
107,10,2024,0.71,150,106
107,11,2023,0.74,152,112
107,12,2023,0.78,153,119
107,12,2024,0.79,167,132
108,1,2023,0.81,166,134
108,1,2024,0.82,163,134
108,2,2023,0.8,162,130
108,2,2024,0.84,163,137
108,3,2023,0.84,172,144
108,3,2024,0.79,163,129
108,4,2023,0.76,164,125
108,5,2023,0.78,167,130
108,5,2024,0.79,167,132
108,6,2023,0.77,150,116
108,6,2024,0.74,167,124
108,7,2023,0.78,151,118
108,7,2024,0.75,161,121
108,8,2023,0.83,168,139
108,8,2024,0.74,167,124
108,9,2023,0.79,170,134
108,9,2024,0.76,154,117
108,10,2023,0.8,160,128
108,10,2024,0.8,165,132
108,11,2023,0.79,157,124
108,11,2024,0.78,158,123
108,12,2023,0.78,160,125
108,12,2024,0.78,163,127
109,1,2023,0.8,265,212
109,1,2024,0.84,263,221
109,2,2023,0.78,264,206
109,2,2024,0.79,265,209
109,3,2023,0.82,264,216
109,3,2024,0.84,269,226
109,4,2023,0.8,275,220
109,4,2024,0.84,274,230
109,5,2023,0.87,276,240
109,5,2024,0.79,262,207
109,7,2023,0.88,269,237
109,7,2024,0.85,272,231
109,8,2023,0.81,271,220
109,9,2023,0.8,270,216
109,9,2024,0.8,275,220
109,10,2024,0.86,266,229
109,11,2023,0.79,265,209
109,11,2024,0.84,265,223
109,12,2023,0.82,265,217
109,12,2024,0.8,274,219
110,1,2023,0.98,302,296
110,1,2024,0.98,308,302
110,2,2023,0.98,307,301
110,2,2024,0.98,302,296
110,3,2023,0.98,297,291
110,3,2024,0.98,313,307
110,4,2023,0.98,299,293
110,4,2024,0.98,309,303
110,5,2023,0.98,314,308
110,5,2024,0.98,305,299
110,6,2023,0.98,307,301
110,6,2024,0.98,302,296
110,7,2023,0.98,326,319
110,8,2023,0.98,315,309
110,8,2024,0.98,319,313
110,9,2023,0.98,310,304
110,9,2024,0.98,317,311
110,10,2023,0.98,314,308
110,11,2023,0.98,305,299
110,11,2024,0.98,312,306
110,12,2024,0.98,303,297
111,1,2023,0.79,173,137
111,1,2024,0.74,174,129
111,2,2024,0.78,166,129
111,3,2023,0.78,174,136
111,3,2024,0.78,173,135
111,5,2023,0.74,167,124
111,5,2024,0.76,173,131
111,6,2023,0.72,174,125
111,6,2024,0.72,157,113
111,7,2023,0.77,177,136
111,8,2023,0.76,166,126
111,8,2024,0.76,170,129
111,9,2024,0.79,168,133
111,10,2023,0.77,175,135
111,10,2024,0.75,162,122
111,11,2023,0.75,161,121
111,11,2024,0.77,171,132
111,12,2023,0.72,172,124
112,1,2023,0.73,124,91
112,2,2023,0.7,127,89
112,2,2024,0.78,124,97
112,3,2024,0.78,137,107
112,4,2023,0.73,121,88
112,4,2024,0.77,129,99
112,5,2023,0.72,125,90
112,5,2024,0.74,127,94
112,6,2023,0.78,131,102
112,6,2024,0.69,116,80
112,7,2023,0.76,130,99
112,7,2024,0.74,133,98
112,8,2024,0.78,127,99
112,9,2023,0.77,132,102
112,9,2024,0.73,127,93
112,10,2023,0.72,127,91
112,10,2024,0.75,130,98
112,11,2024,0.75,129,97
112,12,2023,0.78,120,94
112,12,2024,0.71,124,88
113,1,2023,0.98,203,199
113,1,2024,0.98,201,197
113,2,2023,0.98,210,206
113,2,2024,0.98,209,205
113,3,2023,0.98,212,208
113,3,2024,0.98,210,206
113,4,2023,0.98,218,214
113,4,2024,0.98,203,199
113,5,2023,0.98,203,199
113,5,2024,0.98,204,200
113,6,2024,0.98,208,204
113,7,2023,0.98,221,217
113,7,2024,0.98,224,220
113,8,2023,0.98,210,206
113,8,2024,0.98,210,206
113,9,2023,0.98,212,208
113,9,2024,0.98,204,200
113,10,2023,0.98,212,208
113,11,2023,0.98,205,201
113,11,2024,0.98,207,203
113,12,2023,0.98,205,201
113,12,2024,0.98,206,202
114,1,2023,0.76,207,157
114,1,2024,0.79,202,160
114,2,2024,0.77,198,152
114,3,2023,0.86,209,180
114,3,2024,0.83,195,162
114,4,2023,0.86,213,183
114,4,2024,0.88,213,187
114,5,2023,0.81,204,165
114,5,2024,0.83,207,172
114,6,2023,0.88,210,185
114,6,2024,0.9,200,180
114,7,2024,0.84,207,174
114,8,2023,0.85,208,177
114,8,2024,0.81,212,172
114,9,2023,0.83,212,176
114,9,2024,0.84,213,179
114,10,2023,0.84,211,177
114,10,2024,0.79,197,156
114,11,2023,0.85,200,170
114,11,2024,0.79,211,167
114,12,2023,0.86,205,176
114,12,2024,0.8,209,167
115,1,2023,0.82,152,125
115,1,2024,0.75,147,110
115,2,2023,0.79,157,124
115,2,2024,0.78,143,112
115,3,2023,0.79,155,122
115,3,2024,0.84,156,131
115,4,2023,0.84,145,122
115,5,2023,0.78,161,126
115,6,2023,0.8,147,118
115,6,2024,0.88,159,140
115,7,2023,0.83,151,125
115,7,2024,0.89,153,136
115,8,2023,0.86,148,127
115,8,2024,0.82,157,129
115,9,2024,0.8,145,116
115,10,2023,0.87,152,132
115,10,2024,0.86,152,131
115,11,2023,0.77,147,113
115,11,2024,0.81,160,130
115,12,2023,0.81,150,122
115,12,2024,0.77,154,119
116,1,2023,0.98,310,304
116,1,2024,0.98,296,290
116,2,2024,0.98,297,291
116,3,2023,0.98,307,301
116,3,2024,0.98,299,293
116,4,2024,0.98,318,312
116,5,2024,0.98,321,315
116,6,2023,0.98,312,306
116,6,2024,0.98,313,307
116,8,2023,0.98,320,314
116,8,2024,0.98,320,314
116,9,2023,0.98,319,313
116,9,2024,0.98,306,300
116,10,2023,0.98,314,308
116,10,2024,0.98,304,298
116,11,2023,0.98,311,305
116,11,2024,0.98,296,290
116,12,2023,0.98,306,300
116,12,2024,0.98,310,304
118,1,2023,0.98,198,194
118,1,2024,0.98,200,196
118,2,2023,0.98,200,196
118,2,2024,0.98,201,197
118,3,2023,0.98,194,190
118,4,2023,0.98,202,198
118,4,2024,0.98,209,205
118,5,2024,0.98,205,201
118,6,2023,0.98,203,199
118,6,2024,0.98,208,204
118,7,2023,0.98,220,216
118,7,2024,0.98,211,207
118,8,2023,0.98,208,204
118,8,2024,0.98,222,218
118,9,2023,0.98,213,209
118,10,2023,0.98,215,211
118,11,2024,0.98,210,206
118,12,2023,0.98,203,199
118,12,2024,0.98,198,194
119,1,2023,0.98,311,305
119,1,2024,0.98,310,304
119,2,2024,0.98,298,292
119,3,2023,0.98,304,298
119,5,2023,0.98,304,298
119,5,2024,0.98,320,314
119,6,2023,0.98,313,307
119,6,2024,0.98,301,295
119,7,2023,0.98,324,318
119,8,2024,0.98,309,303
119,9,2023,0.98,306,300
119,9,2024,0.98,319,313
119,10,2023,0.98,313,307
119,11,2024,0.98,296,290
119,12,2023,0.98,307,301
119,12,2024,0.98,311,305
121,1,2023,0.83,266,221
121,1,2024,0.83,275,228
121,2,2024,0.8,270,216
121,3,2023,0.84,265,223
121,3,2024,0.77,263,203
121,4,2024,0.84,271,228
121,5,2024,0.85,268,228
121,6,2024,0.85,284,241
121,7,2024,0.85,283,241
121,8,2023,0.81,278,225
121,8,2024,0.82,271,222
121,10,2024,0.85,278,236
121,11,2023,0.8,272,218
121,11,2024,0.79,273,216
121,12,2023,0.84,276,232
121,12,2024,0.87,270,235
122,1,2023,0.78,150,117
122,1,2024,0.7,146,102
122,2,2024,0.78,149,116
122,3,2023,0.72,152,109
122,3,2024,0.72,161,116
122,4,2023,0.76,158,120
122,4,2024,0.79,150,118
122,5,2023,0.73,157,115
122,5,2024,0.78,164,128
122,6,2023,0.71,151,107
122,6,2024,0.76,160,122
122,7,2023,0.77,151,116
122,7,2024,0.75,158,118
122,8,2023,0.78,151,118
122,8,2024,0.72,155,112
122,9,2023,0.78,150,117
122,9,2024,0.76,166,126
122,10,2023,0.71,149,106
122,10,2024,0.76,156,119
122,11,2023,0.69,150,103
122,11,2024,0.73,160,117
122,12,2023,0.77,154,119
122,12,2024,0.76,157,119
124,1,2023,0.98,196,192
124,1,2024,0.98,208,204
124,2,2023,0.98,201,197
124,3,2023,0.98,201,197
124,3,2024,0.98,212,208
124,4,2023,0.98,205,201
124,4,2024,0.98,206,202
124,5,2024,0.98,221,217
124,6,2023,0.98,209,205
124,6,2024,0.98,210,206
124,7,2023,0.98,218,214
124,8,2023,0.98,219,215
124,9,2023,0.98,204,200
124,9,2024,0.98,207,203
124,10,2023,0.98,204,200
124,11,2023,0.98,199,195
124,11,2024,0.98,206,202
124,12,2023,0.98,199,195
125,1,2023,0.79,158,125
125,1,2024,0.77,163,126
125,2,2023,0.82,159,130
125,3,2023,0.78,167,130
125,4,2023,0.82,156,128
125,5,2023,0.74,148,110
125,5,2024,0.78,153,119
125,6,2024,0.82,156,128
125,7,2023,0.79,162,128
125,7,2024,0.83,157,130
125,8,2023,0.76,160,122
125,8,2024,0.75,153,115
125,9,2023,0.75,161,121
125,9,2024,0.77,153,118
125,10,2023,0.75,165,124
125,10,2024,0.75,161,121
125,11,2023,0.81,158,128
125,11,2024,0.83,167,139
125,12,2023,0.75,149,112
125,12,2024,0.81,161,130
128,1,2023,0.79,211,167
128,1,2024,0.76,211,160
128,2,2023,0.79,223,176
128,3,2023,0.83,215,178
128,3,2024,0.77,213,164
128,4,2023,0.78,215,168
128,4,2024,0.8,213,170
128,5,2023,0.84,224,188
128,5,2024,0.8,220,176
128,6,2023,0.82,221,181
128,6,2024,0.81,228,185
128,7,2023,0.85,215,183
128,7,2024,0.85,217,184
128,8,2023,0.81,218,177
128,8,2024,0.85,221,188
128,9,2023,0.81,228,185
128,9,2024,0.79,223,176
128,10,2024,0.8,227,182
128,11,2023,0.78,222,173
128,11,2024,0.79,224,177
128,12,2023,0.82,217,178
128,12,2024,0.81,225,182
130,1,2023,0.77,152,117
130,1,2024,0.86,159,137
130,2,2023,0.83,169,140
130,2,2024,0.76,155,118
130,3,2023,0.84,160,134
130,3,2024,0.81,159,129
130,4,2024,0.75,152,114
130,5,2023,0.81,166,134
130,5,2024,0.74,150,111
130,6,2023,0.75,162,122
130,6,2024,0.79,166,131
130,8,2023,0.8,169,135
130,8,2024,0.74,150,111
130,9,2023,0.77,150,116
130,9,2024,0.77,150,116
130,10,2024,0.83,166,138
130,11,2023,0.77,156,120
130,11,2024,0.8,168,134
130,12,2023,0.83,163,135
130,12,2024,0.84,171,144
131,1,2023,0.98,207,203
131,1,2024,0.98,208,204
131,2,2023,0.98,212,208
131,2,2024,0.98,200,196
131,3,2024,0.98,205,201
131,4,2023,0.98,211,207
131,4,2024,0.98,201,197
131,5,2023,0.98,211,207
131,5,2024,0.98,215,211
131,6,2024,0.98,220,216
131,7,2023,0.98,224,220
131,7,2024,0.98,220,216
131,8,2023,0.98,211,207
131,8,2024,0.98,213,209
131,9,2023,0.98,206,202
131,9,2024,0.98,213,209
131,11,2023,0.98,202,198
131,12,2023,0.98,198,194
132,1,2024,0.8,189,151
132,3,2023,0.76,182,138
132,3,2024,0.76,181,138
132,4,2023,0.73,183,134
132,4,2024,0.72,181,130
132,5,2023,0.78,172,134
132,5,2024,0.71,167,119
132,6,2023,0.8,176,141
132,6,2024,0.71,183,130
132,7,2023,0.78,183,143
132,7,2024,0.78,173,135
132,8,2023,0.71,177,126
132,8,2024,0.78,178,139
132,9,2023,0.71,168,119
132,9,2024,0.72,171,123
132,11,2023,0.8,172,138
132,11,2024,0.79,176,139
132,12,2023,0.77,180,139
132,12,2024,0.76,172,131
133,1,2023,0.98,204,200
133,1,2024,0.98,207,203
133,2,2024,0.98,203,199
133,3,2023,0.98,200,196
133,3,2024,0.98,213,209
133,4,2023,0.98,201,197
133,4,2024,0.98,219,215
133,5,2023,0.98,220,216
133,5,2024,0.98,221,217
133,6,2024,0.98,214,210
133,7,2023,0.98,208,204
133,7,2024,0.98,217,213
133,9,2023,0.98,216,212
133,9,2024,0.98,202,198
133,10,2023,0.98,207,203
133,10,2024,0.98,212,208
133,11,2023,0.98,202,198
133,12,2023,0.98,210,206
133,12,2024,0.98,203,199
134,2,2023,0.77,109,84
134,2,2024,0.71,110,78
134,3,2023,0.71,96,68
134,3,2024,0.71,113,80
134,4,2023,0.75,115,86
134,5,2023,0.69,107,74
134,6,2023,0.78,119,93
134,6,2024,0.76,115,87
134,7,2023,0.72,105,76
134,7,2024,0.76,110,84
134,8,2023,0.71,102,72
134,9,2023,0.73,111,81
134,10,2023,0.7,105,74
134,10,2024,0.76,107,81
134,11,2023,0.69,114,79
134,11,2024,0.71,107,76
134,12,2023,0.69,98,68
135,1,2023,0.79,139,110
135,1,2024,0.79,146,115
135,2,2024,0.73,139,101
135,3,2023,0.76,130,99
135,3,2024,0.81,143,116
135,4,2024,0.74,132,98
135,5,2023,0.75,143,107
135,5,2024,0.81,133,108
135,6,2023,0.79,142,112
135,7,2023,0.77,142,109
135,7,2024,0.8,136,109
135,8,2023,0.75,133,100
135,8,2024,0.83,147,122
135,9,2023,0.77,133,102
135,9,2024,0.81,137,111
135,10,2023,0.75,132,99
135,11,2023,0.81,151,122
135,11,2024,0.77,135,104
135,12,2023,0.8,133,106
136,1,2024,0.85,213,181
136,2,2023,0.8,221,177
136,2,2024,0.85,223,190
136,3,2024,0.8,213,170
136,4,2023,0.81,219,177
136,4,2024,0.79,209,165
136,5,2023,0.76,206,157
136,5,2024,0.8,202,162
136,6,2023,0.81,217,176
136,6,2024,0.77,204,157
136,7,2024,0.76,210,160
136,8,2023,0.78,208,162
136,8,2024,0.82,209,171
136,9,2023,0.76,203,154
136,9,2024,0.78,213,166
136,10,2023,0.75,208,156
136,10,2024,0.78,211,165
136,11,2023,0.85,211,179
136,11,2024,0.83,218,181
136,12,2024,0.84,205,172
137,1,2023,0.83,211,175
137,1,2024,0.81,220,178
137,2,2023,0.77,207,159
137,2,2024,0.84,215,181
137,3,2023,0.77,206,159
137,3,2024,0.85,206,175
137,4,2023,0.84,218,183
137,5,2024,0.75,217,163
137,6,2023,0.8,214,171
137,7,2023,0.82,213,175
137,7,2024,0.83,218,181
137,8,2023,0.76,204,155
137,8,2024,0.84,208,175
137,9,2023,0.81,206,167
137,9,2024,0.79,207,164
137,10,2023,0.81,212,172
137,10,2024,0.75,201,151
137,11,2024,0.8,213,170
137,12,2023,0.77,201,155
137,12,2024,0.77,201,155
138,1,2023,0.98,256,251
138,1,2024,0.98,244,239
138,2,2023,0.98,244,239
138,2,2024,0.98,244,239
138,3,2023,0.98,250,245
138,3,2024,0.98,258,253
138,4,2023,0.98,259,254
138,4,2024,0.98,264,259
138,5,2023,0.98,253,248
138,5,2024,0.98,271,266
138,6,2023,0.98,271,266
138,6,2024,0.98,265,260
138,7,2023,0.98,268,263
138,8,2023,0.98,268,263
138,8,2024,0.98,270,265
138,9,2023,0.98,267,262
138,9,2024,0.98,263,258
138,10,2023,0.98,261,256
138,10,2024,0.98,256,251
138,11,2023,0.98,249,244
138,11,2024,0.98,244,239
138,12,2023,0.98,256,251
138,12,2024,0.98,255,250
139,1,2023,0.78,245,191
139,1,2024,0.76,230,175
139,2,2024,0.76,230,175
139,3,2024,0.76,243,185
139,4,2023,0.78,234,183
139,4,2024,0.78,239,186
139,5,2023,0.85,241,205
139,5,2024,0.78,243,190
139,6,2023,0.85,243,207
139,6,2024,0.83,237,197
139,7,2023,0.79,248,196
139,7,2024,0.86,245,211
139,8,2023,0.86,241,207
139,9,2023,0.84,240,202
139,9,2024,0.85,237,201
139,10,2023,0.84,247,207
139,10,2024,0.82,240,197
139,11,2023,0.82,240,197
139,12,2023,0.8,244,195
139,12,2024,0.83,242,201
141,1,2023,0.98,293,287
141,1,2024,0.98,293,287
141,2,2023,0.98,293,287
141,2,2024,0.98,312,306
141,3,2023,0.98,306,300
141,3,2024,0.98,308,302
141,4,2023,0.98,317,311
141,4,2024,0.98,317,311
141,5,2023,0.98,306,300
141,5,2024,0.98,309,303
141,6,2023,0.98,312,306
141,6,2024,0.98,301,295
141,7,2023,0.98,322,316
141,7,2024,0.98,313,307
141,8,2024,0.98,325,318
141,9,2023,0.98,316,310
141,9,2024,0.98,302,296
141,10,2023,0.98,314,308
141,10,2024,0.98,307,301
141,11,2023,0.98,294,288
141,11,2024,0.98,296,290
141,12,2023,0.98,313,307
141,12,2024,0.98,302,296
142,1,2024,0.98,260,255
142,2,2023,0.98,248,243
142,2,2024,0.98,246,241
142,3,2024,0.98,252,247
142,4,2023,0.98,258,253
142,5,2023,0.98,258,253
142,5,2024,0.98,258,253
142,6,2023,0.98,253,248
142,7,2023,0.98,276,270
142,7,2024,0.98,261,256
142,8,2023,0.98,275,270
142,8,2024,0.98,275,270
142,9,2023,0.98,256,251
142,9,2024,0.98,258,253
142,10,2023,0.98,266,261
142,10,2024,0.98,250,245
142,11,2023,0.98,255,250
142,11,2024,0.98,253,248
142,12,2023,0.98,253,248
143,1,2023,0.81,213,173
143,1,2024,0.84,227,191
143,2,2023,0.82,216,177
143,2,2024,0.8,226,181
143,3,2023,0.81,220,178
143,3,2024,0.76,227,173
143,4,2023,0.83,217,180
143,4,2024,0.79,212,167
143,5,2024,0.81,219,177
143,6,2024,0.82,223,183
143,7,2023,0.78,228,178
143,7,2024,0.87,223,194
143,8,2023,0.83,214,178
143,8,2024,0.83,216,179
143,9,2023,0.82,213,175
143,10,2024,0.79,225,178
143,11,2023,0.75,219,164
143,12,2024,0.8,222,178
144,1,2023,0.98,248,243
144,1,2024,0.98,254,249
144,2,2023,0.98,252,247
144,2,2024,0.98,260,255
144,3,2023,0.98,257,252
144,4,2023,0.98,266,261
144,4,2024,0.98,266,261
144,5,2023,0.98,265,260
144,5,2024,0.98,259,254
144,6,2023,0.98,265,260
144,7,2023,0.98,273,268
144,7,2024,0.98,257,252
144,8,2024,0.98,278,272
144,9,2023,0.98,257,252
144,9,2024,0.98,253,248
144,11,2023,0.98,246,241
144,12,2023,0.98,261,256
144,12,2024,0.98,258,253
145,1,2024,0.79,179,141
145,2,2023,0.83,179,149
145,2,2024,0.78,176,137
145,3,2023,0.8,165,132
145,4,2023,0.76,176,134
145,4,2024,0.76,171,130
145,5,2023,0.81,165,134
145,6,2023,0.79,179,141
145,6,2024,0.78,172,134
145,7,2023,0.86,184,158
145,8,2023,0.78,174,136
145,8,2024,0.78,175,136
145,9,2023,0.77,168,129
145,9,2024,0.8,176,141
145,10,2023,0.8,166,133
145,10,2024,0.81,173,140
145,11,2023,0.81,173,140
145,12,2023,0.79,165,130
145,12,2024,0.76,163,124
146,1,2023,0.98,250,245
146,2,2024,0.98,261,256
146,3,2023,0.98,255,250
146,4,2023,0.98,267,262
146,4,2024,0.98,258,253
146,5,2023,0.98,262,257
146,5,2024,0.98,257,252
146,6,2023,0.98,252,247
146,6,2024,0.98,258,253
146,7,2023,0.98,273,268
146,7,2024,0.98,254,249
146,8,2023,0.98,261,256
146,8,2024,0.98,267,262
146,9,2023,0.98,270,265
146,9,2024,0.98,252,247
146,10,2023,0.98,268,263
146,10,2024,0.98,250,245
146,11,2023,0.98,255,250
146,11,2024,0.98,259,254
146,12,2023,0.98,258,253
146,12,2024,0.98,248,243
147,1,2023,0.98,301,295
147,1,2024,0.98,292,286
147,2,2023,0.98,299,293
147,2,2024,0.98,296,290
147,3,2023,0.98,297,291
147,4,2023,0.98,316,310
147,4,2024,0.98,309,303
147,5,2023,0.98,308,302
147,5,2024,0.98,320,314
147,6,2024,0.98,317,311
147,7,2023,0.98,322,316
147,7,2024,0.98,304,298
147,8,2023,0.98,316,310
147,8,2024,0.98,320,314
147,9,2024,0.98,303,297
147,10,2024,0.98,298,292
147,11,2023,0.98,299,293
147,11,2024,0.98,306,300
147,12,2023,0.98,298,292
147,12,2024,0.98,303,297
148,1,2023,0.79,235,186
148,2,2023,0.74,217,161
148,2,2024,0.74,219,162
148,3,2023,0.71,234,166
148,4,2023,0.79,231,182
148,4,2024,0.76,225,171
148,5,2023,0.73,234,171
148,5,2024,0.77,220,169
148,6,2024,0.72,230,166
148,8,2023,0.72,230,166
148,10,2024,0.8,228,182
148,11,2023,0.73,219,160
148,11,2024,0.79,236,186
148,12,2023,0.76,232,176
149,1,2023,0.74,217,161
149,2,2023,0.76,214,163
149,2,2024,0.77,208,160
149,3,2023,0.76,214,163
149,3,2024,0.75,201,151
149,4,2023,0.71,211,150
149,5,2023,0.75,205,154
149,5,2024,0.71,202,143
149,6,2023,0.73,214,156
149,6,2024,0.74,200,148
149,7,2024,0.76,217,165
149,8,2023,0.77,206,159
149,8,2024,0.74,205,152
149,9,2023,0.78,201,157
149,9,2024,0.79,207,164
149,10,2023,0.73,205,150
149,10,2024,0.7,202,141
149,11,2023,0.79,201,159
149,12,2023,0.77,200,154
149,12,2024,0.74,213,158
150,2,2023,0.98,305,299
150,2,2024,0.98,303,297
150,3,2024,0.98,310,304
150,4,2023,0.98,304,298
150,4,2024,0.98,309,303
150,5,2023,0.98,311,305
150,5,2024,0.98,319,313
150,6,2023,0.98,319,313
150,6,2024,0.98,314,308
150,7,2023,0.98,310,304
150,7,2024,0.98,317,311
150,8,2023,0.98,315,309
150,8,2024,0.98,323,317
150,9,2023,0.98,303,297
150,10,2023,0.98,312,306
150,10,2024,0.98,310,304
150,11,2023,0.98,297,291
150,11,2024,0.98,309,303
150,12,2023,0.98,313,307
150,12,2024,0.98,309,303
151,1,2023,0.82,157,129
151,1,2024,0.79,161,127
151,2,2024,0.8,153,122
151,3,2023,0.84,163,137
151,4,2023,0.79,156,123
151,4,2024,0.81,155,126
151,6,2023,0.75,160,120
151,6,2024,0.76,156,119
151,7,2023,0.81,154,125
151,8,2023,0.83,168,139
151,9,2023,0.75,165,124
151,9,2024,0.81,151,122
151,10,2023,0.75,160,120
151,10,2024,0.74,164,121
151,11,2023,0.81,155,126
151,11,2024,0.82,155,127
151,12,2023,0.82,172,141
152,1,2023,0.75,148,111
152,1,2024,0.72,137,99
152,2,2023,0.81,135,109
152,2,2024,0.81,134,109
152,3,2023,0.75,140,105
152,4,2023,0.74,140,104
152,4,2024,0.79,143,113
152,5,2023,0.82,152,125
152,5,2024,0.78,149,116
152,6,2023,0.79,135,107
152,7,2023,0.75,129,97
152,7,2024,0.84,135,113
152,8,2023,0.8,138,110
152,9,2023,0.81,138,112
152,9,2024,0.76,130,99
152,10,2024,0.83,146,121
152,11,2023,0.82,148,121
152,11,2024,0.77,137,105
152,12,2023,0.8,140,112
152,12,2024,0.81,144,117
154,1,2024,0.78,159,124
154,2,2023,0.75,139,104
154,2,2024,0.7,155,108
154,3,2023,0.78,148,115
154,3,2024,0.74,145,107
154,4,2024,0.76,140,106
154,5,2024,0.76,149,113
154,7,2023,0.71,145,103
154,7,2024,0.74,140,104
154,8,2023,0.74,153,113
154,8,2024,0.73,137,100
154,9,2023,0.75,153,115
154,9,2024,0.76,155,118
154,10,2023,0.73,153,112
154,10,2024,0.71,148,105
154,11,2023,0.76,149,113
154,12,2023,0.78,159,124
154,12,2024,0.74,148,110
155,1,2023,0.79,271,214
155,2,2024,0.83,265,220
155,3,2023,0.78,268,209
155,5,2024,0.79,279,220
155,6,2024,0.79,277,219
155,7,2023,0.85,275,234
155,8,2023,0.86,266,229
155,9,2023,0.85,282,240
155,9,2024,0.8,266,213
155,10,2023,0.82,274,225
155,10,2024,0.83,280,232
155,11,2023,0.83,271,225
155,11,2024,0.77,271,209
155,12,2023,0.85,281,239
155,12,2024,0.85,276,235
156,1,2023,0.98,247,242
156,1,2024,0.98,252,247
156,2,2023,0.98,243,238
156,3,2024,0.98,246,241
156,5,2023,0.98,259,254
156,7,2023,0.98,257,252
156,7,2024,0.98,261,256
156,8,2023,0.98,258,253
156,8,2024,0.98,270,265
156,9,2023,0.98,268,263
156,9,2024,0.98,264,259
156,10,2023,0.98,259,254
156,10,2024,0.98,263,258
156,11,2023,0.98,251,246
156,11,2024,0.98,252,247
156,12,2023,0.98,260,255
156,12,2024,0.98,253,248
157,1,2023,0.75,246,184
157,1,2024,0.82,236,194
157,2,2023,0.84,235,197
157,3,2023,0.75,229,172
157,4,2023,0.79,245,194
157,5,2023,0.84,247,207
157,6,2023,0.84,252,212
157,6,2024,0.86,238,205
157,7,2023,0.8,251,201
157,7,2024,0.81,242,196
157,8,2023,0.83,243,202
157,8,2024,0.81,251,203
157,9,2023,0.83,249,207
157,11,2024,0.76,240,182
157,12,2023,0.75,244,183
157,12,2024,0.78,240,187
158,1,2023,0.82,281,230
158,1,2024,0.78,278,217
158,2,2023,0.78,279,218
158,2,2024,0.78,273,213
158,3,2023,0.87,268,233
158,4,2023,0.87,283,246
158,4,2024,0.85,268,228
158,5,2023,0.86,283,243
158,6,2023,0.88,285,251
158,6,2024,0.8,277,222
158,7,2023,0.83,277,230
158,7,2024,0.85,270,230
158,8,2023,0.85,271,230
158,8,2024,0.89,280,249
158,9,2023,0.85,278,236
158,9,2024,0.88,286,252
158,10,2023,0.84,271,228
158,10,2024,0.8,265,212
158,11,2023,0.78,275,214
158,11,2024,0.84,271,228
158,12,2024,0.81,267,216
162,1,2023,0.85,274,233
162,1,2024,0.77,260,200
162,2,2023,0.8,280,224
162,3,2023,0.82,271,222
162,3,2024,0.78,270,211
162,4,2023,0.81,270,219
162,4,2024,0.79,279,220
162,5,2023,0.8,272,218
162,5,2024,0.85,282,240
162,6,2024,0.84,279,234
162,7,2024,0.86,272,234
162,8,2023,0.82,270,221
162,8,2024,0.88,284,250
162,9,2024,0.83,283,235
162,10,2023,0.85,284,241
162,11,2023,0.85,268,228
162,11,2024,0.79,274,216
163,1,2023,0.68,110,75
163,1,2024,0.7,110,77
163,2,2023,0.7,106,74
163,3,2023,0.76,104,79
163,3,2024,0.71,109,77
163,4,2023,0.76,112,85
163,4,2024,0.77,118,91
163,5,2024,0.68,105,71
163,6,2023,0.76,101,77
163,6,2024,0.7,102,71
163,7,2023,0.73,113,82
163,8,2023,0.76,115,87
163,8,2024,0.69,96,66
163,9,2023,0.76,104,79
163,9,2024,0.74,110,81
163,10,2023,0.78,106,83
163,11,2023,0.73,98,72
163,11,2024,0.72,98,71
164,1,2024,0.98,195,191
164,2,2023,0.98,193,189
164,2,2024,0.98,198,194
164,3,2023,0.98,203,199
164,3,2024,0.98,194,190
164,4,2023,0.98,211,207
164,4,2024,0.98,207,203
164,5,2023,0.98,211,207
164,5,2024,0.98,203,199
164,6,2024,0.98,206,202
164,7,2024,0.98,204,200
164,8,2023,0.98,213,209
164,8,2024,0.98,217,213
164,9,2023,0.98,209,205
164,9,2024,0.98,215,211
164,10,2023,0.98,219,215
164,10,2024,0.98,200,196
164,11,2024,0.98,209,205
164,12,2023,0.98,199,195
165,2,2023,0.82,234,192
165,2,2024,0.77,241,186
165,3,2023,0.75,248,186
165,4,2024,0.82,240,197
165,5,2023,0.78,250,195
165,5,2024,0.77,237,182
165,6,2023,0.86,250,215
165,6,2024,0.79,249,197
165,7,2023,0.79,249,197
165,7,2024,0.86,253,218
165,8,2023,0.79,241,190
165,9,2023,0.86,243,209
165,9,2024,0.84,253,213
165,10,2023,0.79,245,194
165,10,2024,0.81,240,194
165,11,2023,0.81,239,194
165,11,2024,0.75,244,183
165,12,2024,0.83,244,203
167,1,2023,0.72,94,68
167,1,2024,0.7,102,71
167,2,2023,0.69,98,68
167,2,2024,0.73,103,75
167,3,2023,0.74,89,66
167,3,2024,0.75,91,68
167,5,2023,0.67,97,65
167,5,2024,0.74,97,72
167,6,2024,0.71,99,70
167,7,2023,0.68,94,64
167,7,2024,0.72,89,64
167,8,2023,0.67,90,60
167,8,2024,0.74,94,70
167,9,2023,0.74,92,68
167,9,2024,0.74,97,72
167,10,2023,0.71,99,70
167,10,2024,0.72,91,66
167,11,2023,0.74,105,78
167,11,2024,0.7,87,61
167,12,2023,0.74,100,74
168,1,2023,0.82,176,144
168,1,2024,0.77,176,136
168,2,2023,0.76,163,124
168,2,2024,0.81,165,134
168,3,2023,0.81,175,142
168,3,2024,0.82,165,135
168,4,2023,0.79,163,129
168,4,2024,0.84,176,148
168,5,2023,0.8,180,144
168,5,2024,0.81,166,134
168,6,2024,0.78,168,131
168,7,2023,0.79,173,137
168,7,2024,0.79,178,141
168,8,2023,0.82,166,136
168,8,2024,0.85,184,156
168,9,2023,0.77,167,129
168,9,2024,0.86,166,143
168,10,2023,0.82,165,135
168,10,2024,0.85,172,146
168,11,2024,0.75,167,125
168,12,2023,0.8,176,141
168,12,2024,0.85,169,144
169,1,2024,0.98,245,240
169,2,2023,0.98,260,255
169,2,2024,0.98,245,240
169,3,2023,0.98,257,252
169,3,2024,0.98,257,252
169,4,2024,0.98,259,254
169,5,2023,0.98,268,263
169,5,2024,0.98,256,251
169,6,2023,0.98,252,247
169,7,2023,0.98,270,265
169,8,2023,0.98,277,271
169,8,2024,0.98,272,267
169,9,2023,0.98,260,255
169,9,2024,0.98,256,251
169,10,2023,0.98,259,254
169,11,2024,0.98,262,257
169,12,2023,0.98,244,239
170,1,2023,0.73,191,139
170,1,2024,0.76,180,137
170,2,2023,0.8,198,158
170,3,2023,0.77,182,140
170,3,2024,0.83,188,156
170,4,2023,0.77,180,139
170,4,2024,0.76,196,149
170,5,2024,0.78,191,149
170,6,2023,0.76,189,144
170,6,2024,0.8,193,154
170,7,2023,0.84,192,161
170,7,2024,0.79,198,156
170,8,2024,0.77,184,142
170,9,2023,0.84,203,171
170,10,2023,0.81,182,147
170,10,2024,0.76,190,144
170,11,2023,0.81,185,150
170,11,2024,0.76,183,139
170,12,2023,0.83,190,158
171,1,2023,0.8,210,168
171,1,2024,0.82,210,172
171,2,2023,0.8,210,168
171,2,2024,0.78,203,158
171,3,2023,0.77,205,158
171,3,2024,0.85,205,174
171,4,2023,0.81,194,157
171,4,2024,0.79,203,160
171,5,2024,0.84,196,165
171,6,2023,0.86,208,179
171,6,2024,0.87,214,186
171,7,2023,0.86,207,178
171,7,2024,0.84,196,165
171,8,2023,0.82,198,162
171,8,2024,0.82,206,169
171,9,2023,0.84,213,179
171,9,2024,0.84,208,175
171,10,2023,0.85,202,172
171,10,2024,0.8,212,170
171,11,2024,0.81,211,171
171,12,2023,0.85,210,178
171,12,2024,0.86,197,169
172,1,2023,0.7,158,111
172,1,2024,0.72,152,109
172,2,2023,0.72,164,118
172,2,2024,0.7,148,104
172,3,2023,0.78,169,132
172,4,2024,0.73,156,114
172,5,2023,0.78,163,127
172,5,2024,0.75,157,118
172,6,2023,0.78,156,122
172,6,2024,0.69,159,110
172,7,2023,0.74,157,116
172,8,2023,0.72,161,116
172,9,2024,0.77,164,126
172,10,2023,0.76,159,121
172,10,2024,0.75,155,116
172,11,2024,0.74,166,123
172,12,2023,0.75,149,112
173,1,2023,0.98,256,251
173,2,2023,0.98,244,239
173,2,2024,0.98,246,241
173,3,2023,0.98,249,244
173,3,2024,0.98,255,250
173,4,2023,0.98,264,259
173,4,2024,0.98,266,261
173,5,2023,0.98,264,259
173,6,2023,0.98,258,253
173,6,2024,0.98,268,263
173,9,2024,0.98,253,248
173,10,2023,0.98,254,249
173,10,2024,0.98,266,261
173,11,2024,0.98,244,239
173,12,2023,0.98,251,246
173,12,2024,0.98,262,257
174,1,2023,0.87,211,184
174,1,2024,0.83,217,180
174,2,2023,0.81,211,171
174,2,2024,0.8,204,163
174,3,2023,0.77,208,160
174,3,2024,0.76,215,163
174,4,2023,0.79,216,171
174,4,2024,0.8,209,167
174,5,2023,0.74,211,156
174,5,2024,0.74,201,149
174,6,2023,0.83,220,183
174,6,2024,0.82,206,169
174,7,2024,0.75,207,155
174,8,2023,0.78,208,162
174,8,2024,0.84,214,180
174,9,2023,0.76,216,164
174,9,2024,0.76,205,156
174,10,2023,0.8,221,177
174,10,2024,0.78,215,168
174,11,2023,0.82,209,171
174,11,2024,0.85,206,175
174,12,2023,0.85,211,179
174,12,2024,0.83,213,177
175,1,2023,0.98,254,249
175,1,2024,0.98,254,249
175,2,2024,0.98,260,255
175,3,2023,0.98,259,254
175,3,2024,0.98,252,247
175,4,2023,0.98,253,248
175,4,2024,0.98,267,262
175,5,2024,0.98,259,254
175,6,2023,0.98,251,246
175,7,2023,0.98,263,258
175,7,2024,0.98,274,269
175,8,2023,0.98,272,267
175,8,2024,0.98,259,254
175,9,2023,0.98,268,263
175,9,2024,0.98,262,257
175,10,2023,0.98,256,251
175,10,2024,0.98,251,246
175,11,2023,0.98,247,242
175,12,2023,0.98,253,248
175,12,2024,0.98,251,246
176,2,2023,0.79,255,201
176,3,2024,0.81,243,197
176,4,2023,0.85,245,208
176,4,2024,0.84,245,206
176,5,2024,0.84,257,216
176,6,2023,0.81,245,198
176,6,2024,0.89,266,237
176,7,2023,0.86,263,226
176,7,2024,0.87,247,215
176,8,2023,0.85,262,223
176,9,2024,0.88,259,228
176,10,2023,0.8,246,197
176,10,2024,0.84,258,217
176,11,2023,0.83,258,214
176,11,2024,0.81,242,196
176,12,2023,0.8,250,200
177,1,2023,0.78,205,160
177,2,2023,0.84,217,182
177,2,2024,0.84,220,185
177,4,2024,0.81,219,177
177,5,2023,0.83,210,174
177,5,2024,0.8,212,170
177,6,2023,0.84,223,187
177,7,2023,0.8,217,174
177,8,2023,0.84,220,185
177,8,2024,0.82,218,179
177,9,2023,0.84,214,180
177,9,2024,0.75,216,162
177,10,2023,0.84,206,173
177,11,2023,0.76,216,164
177,11,2024,0.81,221,179
177,12,2023,0.78,218,170
177,12,2024,0.83,209,173
178,1,2023,0.98,197,193
178,1,2024,0.98,198,194
178,2,2023,0.98,201,197
178,2,2024,0.98,204,200
178,3,2023,0.98,209,205
178,3,2024,0.98,196,192
178,4,2023,0.98,207,203
178,4,2024,0.98,213,209
178,5,2023,0.98,216,212
178,5,2024,0.98,204,200
178,6,2024,0.98,209,205
178,7,2023,0.98,220,216
178,8,2023,0.98,222,218
178,8,2024,0.98,225,220
178,9,2023,0.98,204,200
178,9,2024,0.98,210,206
178,10,2023,0.98,206,202
178,10,2024,0.98,199,195
178,11,2024,0.98,205,201
178,12,2023,0.98,200,196
179,2,2024,0.98,213,209
179,3,2023,0.98,196,192
179,4,2023,0.98,204,200
179,4,2024,0.98,203,199
179,5,2023,0.98,215,211
179,5,2024,0.98,203,199
179,6,2023,0.98,219,215
179,6,2024,0.98,206,202
179,7,2023,0.98,211,207
179,7,2024,0.98,224,220
179,8,2023,0.98,208,204
179,8,2024,0.98,220,216
179,9,2023,0.98,209,205
179,9,2024,0.98,205,201
179,10,2023,0.98,213,209
179,10,2024,0.98,207,203
179,11,2023,0.98,195,191
179,11,2024,0.98,194,190
179,12,2023,0.98,199,195
179,12,2024,0.98,199,195
180,1,2024,0.83,177,147
180,2,2023,0.78,160,125
180,2,2024,0.75,168,126
180,3,2023,0.81,166,134
180,3,2024,0.84,181,152
180,4,2024,0.78,175,136
180,5,2023,0.81,163,132
180,5,2024,0.8,171,137
180,6,2023,0.87,176,153
180,6,2024,0.83,167,139
180,7,2023,0.83,173,144
180,7,2024,0.83,178,148
180,8,2023,0.8,177,142
180,8,2024,0.79,163,129
180,9,2024,0.85,182,155
180,10,2023,0.83,178,148
180,10,2024,0.82,178,146
180,11,2023,0.78,163,127
180,11,2024,0.82,168,138
180,12,2023,0.79,173,137
181,1,2023,0.98,204,200
181,1,2024,0.98,191,187
181,3,2023,0.98,213,209
181,4,2023,0.98,205,201
181,4,2024,0.98,206,202
181,5,2023,0.98,208,204
181,6,2024,0.98,206,202
181,7,2024,0.98,217,213
181,8,2024,0.98,222,218
181,9,2023,0.98,220,216
181,9,2024,0.98,220,216
181,10,2024,0.98,198,194
181,11,2023,0.98,193,189
181,12,2023,0.98,205,201
182,1,2023,0.82,184,151
182,1,2024,0.76,192,146
182,2,2023,0.82,189,155
182,2,2024,0.78,180,140
182,3,2023,0.79,185,146
182,3,2024,0.77,187,144
182,4,2024,0.82,200,164
182,5,2023,0.84,194,163
182,6,2023,0.78,187,146
182,6,2024,0.76,199,151
182,7,2023,0.8,201,161
182,7,2024,0.86,189,163
182,8,2023,0.85,186,158
182,10,2023,0.76,197,150
182,10,2024,0.8,191,153
182,11,2024,0.74,188,139
182,12,2023,0.82,191,157
182,12,2024,0.78,189,147
183,1,2023,0.8,220,176
183,1,2024,0.84,221,186
183,2,2023,0.77,204,157
183,2,2024,0.84,207,174
183,3,2023,0.78,208,162
183,3,2024,0.83,204,169
183,4,2023,0.78,214,167
183,4,2024,0.79,205,162
183,5,2023,0.75,204,153
183,5,2024,0.8,216,173
183,6,2023,0.82,219,180
183,6,2024,0.82,204,167
183,7,2023,0.79,213,168
183,7,2024,0.81,218,177
183,8,2023,0.76,213,162
183,8,2024,0.84,216,181
183,9,2023,0.83,213,177
183,10,2023,0.84,222,186
183,10,2024,0.78,216,168
183,11,2023,0.82,210,172
183,12,2023,0.77,219,169
183,12,2024,0.84,216,181
184,1,2023,0.8,272,218
184,1,2024,0.85,276,235
184,2,2023,0.82,269,221
184,2,2024,0.83,277,230
184,3,2023,0.87,275,239
184,3,2024,0.85,276,235
184,4,2024,0.83,275,228
184,5,2024,0.86,272,234
184,6,2023,0.82,273,224
184,6,2024,0.85,270,230
184,7,2023,0.8,281,225
184,8,2023,0.84,276,232
184,8,2024,0.86,277,238
184,9,2023,0.86,280,241
184,9,2024,0.82,274,225
184,11,2023,0.79,264,209
184,11,2024,0.84,282,237
184,12,2023,0.82,269,221
184,12,2024,0.83,271,225
185,1,2023,0.73,216,158
185,1,2024,0.8,222,178
185,2,2023,0.79,212,167
185,2,2024,0.76,225,171
185,3,2023,0.75,225,169
185,3,2024,0.71,216,153
185,4,2023,0.8,212,170
185,4,2024,0.72,214,154
185,5,2023,0.78,209,163
185,5,2024,0.75,214,160
185,7,2023,0.79,213,168
185,7,2024,0.78,213,166
185,8,2024,0.77,222,171
185,9,2023,0.8,227,182
185,9,2024,0.72,223,161
185,10,2023,0.78,212,165
185,10,2024,0.78,217,169
185,11,2023,0.78,220,172
185,11,2024,0.71,219,155
185,12,2023,0.72,214,154
185,12,2024,0.77,220,169
187,1,2023,0.98,298,292
187,1,2024,0.98,303,297
187,2,2023,0.98,312,306
187,3,2024,0.98,300,294
187,4,2023,0.98,313,307
187,4,2024,0.98,304,298
187,5,2023,0.98,306,300
187,5,2024,0.98,302,296
187,6,2023,0.98,320,314
187,6,2024,0.98,305,299
187,7,2023,0.98,308,302
187,9,2023,0.98,314,308
187,9,2024,0.98,310,304
187,10,2023,0.98,309,303
187,10,2024,0.98,310,304
187,11,2024,0.98,306,300
187,12,2023,0.98,298,292
187,12,2024,0.98,295,289
188,1,2024,0.98,296,290
188,2,2023,0.98,300,294
188,2,2024,0.98,304,298
188,3,2023,0.98,304,298
188,3,2024,0.98,302,296
188,4,2023,0.98,303,297
188,5,2024,0.98,313,307
188,6,2023,0.98,318,312
188,6,2024,0.98,310,304
188,7,2023,0.98,309,303
188,7,2024,0.98,314,308
188,9,2024,0.98,314,308
188,10,2023,0.98,316,310
188,11,2023,0.98,297,291
188,11,2024,0.98,308,302
188,12,2023,0.98,305,299
188,12,2024,0.98,310,304
189,1,2024,0.79,228,180
189,2,2023,0.76,220,167
189,2,2024,0.77,220,169
189,3,2024,0.73,218,159
189,4,2023,0.75,218,164
189,4,2024,0.76,221,168
189,5,2024,0.71,225,160
189,6,2023,0.72,208,150
189,6,2024,0.72,213,153
189,7,2023,0.73,221,161
189,7,2024,0.79,217,171
189,8,2023,0.77,224,172
189,8,2024,0.72,215,155
189,9,2023,0.78,209,163
189,9,2024,0.74,217,161
189,10,2024,0.75,211,158
189,11,2023,0.79,224,177
189,12,2023,0.76,217,165
189,12,2024,0.71,210,149
191,1,2023,0.77,152,117
191,1,2024,0.75,164,123
191,2,2024,0.76,149,113
191,3,2023,0.73,147,107
191,3,2024,0.74,148,110
191,4,2023,0.72,166,120
191,4,2024,0.72,146,105
191,5,2024,0.73,159,116
191,6,2024,0.7,146,102
191,7,2023,0.71,162,115
191,9,2023,0.77,164,126
191,9,2024,0.71,163,116
191,10,2023,0.74,162,120
191,10,2024,0.7,146,102
191,11,2023,0.77,154,119
191,11,2024,0.73,150,110
191,12,2023,0.79,155,122
191,12,2024,0.78,161,126
193,1,2023,0.98,253,248
193,1,2024,0.98,246,241
193,2,2024,0.98,251,246
193,3,2023,0.98,253,248
193,3,2024,0.98,249,244
193,4,2023,0.98,262,257
193,4,2024,0.98,259,254
193,5,2023,0.98,263,258
193,6,2023,0.98,252,247
193,6,2024,0.98,257,252
193,7,2023,0.98,272,267
193,7,2024,0.98,259,254
193,8,2023,0.98,274,269
193,8,2024,0.98,274,269
193,9,2023,0.98,256,251
193,10,2023,0.98,265,260
193,10,2024,0.98,252,247
193,11,2023,0.98,245,240
193,12,2024,0.98,255,250
194,1,2023,0.76,111,84
194,2,2023,0.72,125,90
194,3,2023,0.7,114,80
194,3,2024,0.77,125,96
194,4,2023,0.7,124,87
194,5,2023,0.68,111,75
194,5,2024,0.78,120,94
194,6,2023,0.7,116,81
194,6,2024,0.73,112,82
194,7,2023,0.72,125,90
194,7,2024,0.77,111,85
194,8,2023,0.74,108,80
194,9,2023,0.77,120,92
194,10,2023,0.77,126,97
194,10,2024,0.71,117,83
194,11,2024,0.73,115,84
194,12,2023,0.7,105,74
194,12,2024,0.7,116,81
195,1,2023,0.78,225,176
195,1,2024,0.75,213,160
195,2,2023,0.76,221,168
195,2,2024,0.82,214,175
195,3,2023,0.82,229,188
195,3,2024,0.83,217,180
195,4,2024,0.79,220,174
195,5,2023,0.83,222,184
195,5,2024,0.77,215,166
195,6,2023,0.86,229,197
195,6,2024,0.8,223,178
195,7,2023,0.79,214,169
195,7,2024,0.87,219,191
195,8,2023,0.8,223,178
195,8,2024,0.88,234,206
195,9,2023,0.83,225,187
195,9,2024,0.87,217,189
195,10,2023,0.77,225,173
195,10,2024,0.79,223,176
195,11,2023,0.84,219,184
195,11,2024,0.85,226,192
195,12,2023,0.76,210,160
196,1,2023,0.76,166,126
196,2,2023,0.82,177,145
196,2,2024,0.82,174,143
196,3,2024,0.82,176,144
196,4,2023,0.8,166,133
196,4,2024,0.77,174,134
196,5,2024,0.85,183,156
196,6,2023,0.83,173,144
196,7,2023,0.84,182,153
196,7,2024,0.87,171,149
196,8,2023,0.78,167,130
196,9,2023,0.76,179,136
196,9,2024,0.86,183,157
196,10,2023,0.78,173,135
196,11,2023,0.78,171,133
196,12,2023,0.84,170,143
196,12,2024,0.77,160,123
197,1,2024,0.78,147,115
197,2,2023,0.79,157,124
197,2,2024,0.78,142,111
197,3,2023,0.77,153,118
197,4,2023,0.86,147,126
197,4,2024,0.8,145,116
197,5,2023,0.85,153,130
197,5,2024,0.79,150,118
197,6,2023,0.84,157,132
197,6,2024,0.88,165,145
197,7,2023,0.85,160,136
197,7,2024,0.84,155,130
197,8,2024,0.88,157,138
197,9,2023,0.78,157,122
197,10,2023,0.79,161,127
197,11,2023,0.76,155,118
197,12,2024,0.82,145,119
198,1,2023,0.78,163,127
198,1,2024,0.79,164,130
198,2,2023,0.74,171,127
198,3,2023,0.79,177,140
198,3,2024,0.75,172,129
198,4,2023,0.78,169,132
198,5,2023,0.76,173,131
198,5,2024,0.79,163,129
198,6,2023,0.85,166,141
198,7,2023,0.81,178,144
198,7,2024,0.83,171,142
198,8,2024,0.8,163,130
198,9,2023,0.8,162,130
198,10,2024,0.85,182,155
198,11,2023,0.75,173,130
198,11,2024,0.82,166,136
198,12,2024,0.78,173,135
199,1,2023,0.98,202,198
199,1,2024,0.98,208,204
199,2,2023,0.98,206,202
199,2,2024,0.98,203,199
199,3,2023,0.98,194,190
199,3,2024,0.98,203,199
199,4,2024,0.98,219,215
199,5,2023,0.98,208,204
199,5,2024,0.98,213,209
199,6,2023,0.98,204,200
199,6,2024,0.98,211,207
199,8,2024,0.98,216,212
199,9,2023,0.98,212,208
199,9,2024,0.98,203,199
199,10,2023,0.98,205,201
199,11,2024,0.98,213,209
199,12,2024,0.98,194,190
200,1,2023,0.88,265,233
200,1,2024,0.79,261,206
200,2,2023,0.84,259,218
200,2,2024,0.81,263,213
200,3,2024,0.8,262,210
200,4,2023,0.84,267,224
200,4,2024,0.8,270,216
200,5,2023,0.83,272,226
200,5,2024,0.81,267,216
200,6,2023,0.83,258,214
200,8,2024,0.8,271,217
200,9,2024,0.78,251,196
200,10,2023,0.78,252,197
200,10,2024,0.81,261,211
200,11,2023,0.84,266,223
200,11,2024,0.81,265,215
200,12,2023,0.82,260,213
