"review_id","hotel_id","rating","review_date"
366,51,3.1,2024-05-17
1139,139,3.6,2023-07-19
32,4,3.5,2024-06-21
612,76,3.5,2024-02-08
560,68,2.7,2024-06-25
79,9,2.6,2023-10-10
727,93,3.2,2024-02-19
1432,175,2.9,2023-12-11
1369,170,3.1,2024-12-25
11,1,2.7,2024-08-20
1363,170,3.5,2023-03-13
226,28,4.7,2023-08-19
19,2,3.7,2023-09-03
63,8,3.6,2023-10-15
983,125,2.8,2023-12-02
1643,198,3.6,2024-01-20
1398,173,3.2,2024-12-14
127,20,4.5,2023-11-11
1259,156,3.6,2024-10-06
298,41,4.1,2023-05-22
901,113,3.4,2023-05-07
1133,139,3.5,2024-06-06
1450,177,3.6,2024-10-09
17,2,3.6,2024-09-23
442,58,3,2024-05-24
567,70,3.4,2024-10-15
483,62,4.1,2024-03-05
110,15,4.4,2024-03-13
1482,182,3.4,2023-01-08
760,95,3.8,2024-11-28
1116,137,3.2,2023-09-30
482,62,3.4,2024-07-27
150,23,3.7,2024-04-14
1274,157,4,2024-10-09
1093,135,2.7,2023-01-03
216,27,3.5,2024-09-09
716,92,3.6,2023-03-29
1423,175,3.2,2023-07-06
1306,163,3,2024-08-19
358,50,3.3,2024-01-15
929,115,2.5,2024-09-11
1372,170,3.1,2024-05-28
297,40,3.4,2024-12-14
334,44,3.2,2024-09-17
1036,129,4.2,2023-04-30
1170,146,3.5,2023-01-13
1543,187,4.1,2024-03-13
1296,161,4.5,2024-01-03
908,113,3.2,2024-05-13
1452,177,3.4,2024-08-07
1542,187,4.1,2023-11-03
1171,146,3.7,2024-01-07
242,30,4,2024-11-14
834,104,3.5,2023-03-09
840,104,3.4,2024-07-11
687,89,3.8,2023-12-28
284,39,3.6,2023-12-02
562,69,3.2,2023-01-15
302,41,4.2,2023-01-19
857,107,3.8,2024-08-07
993,126,3.6,2024-02-06
6,1,2.9,2023-10-16
467,61,4.1,2023-09-16
1557,188,4.5,2024-11-14
897,111,3.4,2024-10-15
701,90,4.3,2024-01-27
895,111,2.7,2024-06-15
1,1,3.1,2024-11-16
257,30,4.1,2023-12-10
527,66,4.1,2024-11-12
667,85,3.5,2023-10-19
402,54,4.2,2024-12-24
350,47,3.9,2023-01-16
331,44,3,2023-01-13
33,4,3.8,2024-04-22
1502,184,3.9,2023-04-13
1654,199,3.1,2024-11-15
1396,173,3.7,2024-09-20
233,28,3.6,2023-07-05
485,62,3.9,2024-07-13
1214,150,3.7,2023-12-13
1382,171,3.6,2024-03-21
939,116,4.1,2024-08-18
229,28,3.6,2024-03-06
1222,150,4.2,2023-10-17
400,54,3.7,2023-01-26
1080,133,3,2023-04-13
1388,171,3.5,2023-12-12
520,66,4.4,2023-08-17
1525,187,4.3,2023-09-29
167,24,3.6,2023-05-13
1454,177,3.5,2024-03-19
303,41,3.9,2024-04-27
1547,188,4.3,2024-08-31
746,95,3.9,2024-06-13
819,102,2.9,2023-02-28
1202,148,4.2,2024-09-23
143,22,2.4,2024-09-30
991,125,3,2024-05-02
239,30,3.7,2023-08-04
83,10,3.7,2023-07-16
1012,128,3.2,2023-05-28
599,73,3.7,2024-06-10
119,20,4.1,2023-08-29
1561,188,4.1,2023-03-24
515,66,4.2,2024-06-21
860,107,3.3,2024-09-24
1660,200,4.1,2023-04-15
1635,198,2.7,2023-10-14
1301,162,4.4,2024-08-14
1051,130,2.9,2024-12-31
1630,196,2.9,2023-08-19
1441,176,3.8,2024-08-12
826,103,2.8,2023-05-16
107,14,2.7,2023-01-14
1006,126,3.2,2024-04-18
325,43,3.1,2023-06-22
1564,188,3.5,2024-04-08
1227,150,4.5,2024-05-17
1456,177,3.7,2024-12-15
510,64,3.7,2024-04-28
1189,147,4.2,2023-05-06
456,61,3.7,2023-03-14
806,99,3,2023-10-24
1156,144,3.5,2024-11-04
1368,170,3.5,2024-02-18
1082,133,2.4,2023-07-12
140,22,2.8,2023-02-20
498,64,4,2024-04-26
487,62,3.7,2024-01-05
237,30,3.6,2023-06-26
426,57,3.7,2023-06-23
1273,157,3.9,2023-09-22
624,77,3.7,2024-04-14
1060,132,4,2023-06-13
1154,144,3.2,2023-04-14
1149,142,3.2,2024-09-23
12,1,2.4,2024-03-05
1281,157,3.9,2023-09-09
1590,191,3.8,2023-07-06
500,64,3.7,2023-07-30
1100,135,3.2,2024-05-24
367,51,4,2023-01-26
1375,171,3.6,2024-07-06
241,30,4,2024-07-07
817,102,3,2024-01-21
1544,188,3.9,2023-09-13
753,95,3.9,2023-02-26
714,92,4,2024-12-28
31,3,4.1,2024-03-11
323,43,2.7,2023-09-20
209,26,2.9,2024-10-25
4,1,2.8,2023-09-30
1433,175,3.3,2023-07-13
587,73,4,2024-10-04
295,40,3.7,2023-09-07
586,73,3.8,2023-08-22
592,73,3.9,2024-11-10
1223,150,3.8,2024-06-26
479,62,3.9,2024-12-27
1276,157,3.7,2024-02-25
1266,156,3.3,2024-10-15
61,8,3.8,2023-03-20
1242,153,3,2023-10-02
363,50,3.4,2024-03-27
1317,163,3.2,2023-01-27
368,51,3.6,2024-04-04
205,26,2.9,2023-09-03
1016,128,3.6,2023-02-16
175,24,3.8,2023-10-19
631,77,3.8,2024-08-21
841,104,3.7,2023-07-09
759,95,3.5,2024-11-17
461,61,3.6,2024-12-27
900,113,2.7,2024-10-13
985,125,3,2024-10-18
1162,145,2.6,2023-09-28
954,122,3.4,2024-01-15
1411,174,3,2023-10-05
39,5,3.8,2024-01-19
422,57,4.3,2023-05-06
1297,162,3.9,2023-06-17
379,51,3.5,2023-10-26
340,47,3.8,2023-09-26
652,81,3.1,2023-09-19
660,84,3.4,2023-09-20
1308,163,2,2024-11-08
1342,168,3,2024-11-19
3,1,3.2,2024-12-25
1555,188,4.3,2023-02-23
943,119,3.8,2023-02-08
803,99,3.1,2024-05-30
471,61,3,2024-01-05
1667,200,4,2023-03-20
1290,158,4,2024-12-29
602,73,3.9,2024-04-19
1087,133,3.2,2024-04-03
863,107,3.4,2023-02-10
102,13,3,2023-06-27
1451,177,3.8,2023-02-07
65,8,4.2,2024-05-17
1569,188,4.1,2023-06-10
1602,193,3.8,2023-09-18
1443,176,3.7,2023-05-21
13,1,3.5,2023-06-19
1465,178,2.4,2024-12-06
816,102,2.7,2023-09-17
782,98,3.3,2024-06-18
1371,170,3.5,2023-12-30
417,55,2.7,2024-04-16
800,98,3.7,2024-08-04
683,88,3.2,2024-12-30
846,104,3.8,2023-08-25
225,28,4.3,2024-07-21
852,105,3.3,2024-04-21
131,22,2.6,2023-11-06
887,110,3.9,2023-11-17
1466,178,3.2,2024-04-28
1083,133,3.5,2023-01-17
1011,128,3.5,2024-10-04
791,98,3.3,2024-01-01
1334,165,4.6,2023-07-21
1624,196,2.8,2023-12-28
1570,188,4.2,2024-03-26
326,43,3.6,2024-12-08
1621,196,2.9,2024-06-15
980,124,3.1,2023-09-11
8,1,2.9,2023-03-15
1033,129,3.7,2023-03-31
932,116,3.8,2024-05-10
1548,188,3.9,2024-07-11
1338,166,3.6,2024-12-22
1287,158,4.2,2023-07-09
285,40,4.1,2023-02-15
719,92,4,2023-07-05
464,61,3.3,2023-04-09
639,78,3.6,2024-11-07
1425,175,3.7,2024-01-15
577,70,3.6,2024-08-30
1556,188,3.9,2023-12-27
328,44,4.1,2023-02-08
1678,200,4.5,2024-10-19
1390,172,3.5,2023-07-03
889,111,3.4,2023-05-05
203,26,2.7,2024-10-09
842,104,3.5,2024-11-09
1071,133,3.3,2024-07-04
1474,179,2.8,2024-06-20
92,12,4.7,2024-08-06
514,65,3.9,2024-10-17
1160,144,3.5,2024-05-20
990,125,2.4,2024-09-06
1434,175,3.7,2024-02-09
928,115,3,2024-10-24
215,27,3,2024-06-19
952,121,4.3,2023-03-17
238,30,3.8,2024-08-07
1253,155,4.2,2023-03-16
1228,151,3.5,2023-08-01
1445,177,3.4,2024-07-19
1536,187,4,2024-01-13
918,114,3.2,2023-08-27
308,41,4.3,2024-02-21
1109,136,3.1,2024-01-10
767,96,3.5,2023-01-13
757,95,3.4,2023-08-16
998,126,3.5,2023-10-02
43,6,3,2024-03-11
1634,198,2.3,2024-12-05
157,24,4.1,2023-08-09
1279,157,4.1,2024-10-21
558,68,3,2024-07-19
1584,190,4.4,2023-01-22
448,59,2.7,2024-07-14
129,21,3.3,2024-01-16
1647,198,3,2024-07-16
1073,133,2.9,2023-09-12
1213,149,3.7,2023-12-17
1090,134,3,2024-07-15
960,122,3.9,2023-10-20
1037,130,3,2024-02-16
1600,193,3.8,2024-10-31
1598,192,3.3,2024-09-20
1399,173,3.8,2024-08-12
455,60,3.9,2024-07-08
780,97,3.9,2023-01-01
1373,170,3.6,2023-03-01
310,42,3.7,2023-04-11
1463,177,3.5,2024-08-15
333,44,3.5,2023-06-04
927,115,2.6,2024-01-25
291,40,4.1,2023-08-13
502,64,3.9,2024-12-06
25,2,3.7,2024-05-11
805,99,3.4,2024-08-07
267,31,3.9,2023-07-18
431,57,4.3,2023-02-15
1567,188,4.1,2023-09-13
1299,162,4,2024-04-08
1212,149,4.6,2023-09-18
609,76,3.2,2023-08-02
621,77,3.6,2024-08-18
1604,194,2.9,2024-03-28
122,20,4.1,2024-05-05
496,64,4.3,2024-01-29
793,98,3.3,2023-08-09
593,73,4.3,2023-02-06
1471,179,3.6,2023-05-24
773,96,3.7,2024-11-13
717,92,3.6,2023-09-23
763,96,3.5,2024-12-02
1056,131,3.3,2023-10-25
693,90,4,2023-07-17
1020,129,3.8,2024-08-26
85,11,3.1,2024-10-03
957,122,3.8,2024-06-04
373,51,3.1,2024-07-02
1061,132,3.2,2024-03-25
1596,191,3.4,2024-01-30
1043,130,3.3,2024-06-09
1612,195,3.9,2023-05-20
1307,163,3,2023-09-25
938,116,4,2024-10-29
66,8,4.4,2023-10-19
813,102,3.2,2023-02-16
923,114,3.5,2024-10-08
1028,129,3.4,2024-05-05
223,28,3.9,2023-10-19
1496,184,4.7,2023-08-03
1515,187,4,2024-12-03
1114,137,3.6,2023-02-02
112,18,3.3,2023-06-15
1488,184,3.9,2024-05-02
705,91,3,2024-01-30
688,89,3.6,2024-06-29
425,57,3.9,2024-02-21
963,122,3.5,2023-02-08
504,64,4.1,2023-05-04
876,110,3.7,2023-12-04
441,58,3.1,2024-12-05
777,96,3.1,2024-05-07
898,111,3.7,2024-07-12
1464,177,4.1,2023-12-25
398,54,4.2,2023-10-21
981,124,2.4,2023-03-10
172,24,3.8,2024-08-25
1053,130,3,2024-10-15
210,26,2.4,2023-06-12
1638,198,3,2023-06-28
156,24,4.3,2024-06-21
299,41,4.6,2024-02-12
1377,171,3.5,2024-11-13
1251,154,3.1,2023-09-08
632,77,3.8,2023-11-04
956,122,4.1,2023-02-04
474,62,4.3,2023-03-30
383,52,3.6,2023-06-13
353,48,3,2024-05-27
1326,165,4.7,2024-06-04
155,24,4.1,2024-03-08
204,26,3.3,2024-02-09
1653,199,3.4,2023-01-28
1206,148,3.5,2023-07-14
1294,160,3.5,2024-11-01
1322,164,3.5,2023-03-24
992,125,2.6,2024-06-02
788,98,3.4,2024-03-06
1008,127,3.8,2024-04-29
1303,163,3.1,2023-03-08
324,43,2.9,2024-06-27
589,73,4,2023-10-27
645,78,4,2024-10-30
1661,200,4.5,2023-04-29
158,24,4.6,2023-02-17
702,90,4.3,2024-09-20
649,80,2.7,2023-06-01
1361,170,3.6,2023-05-31
694,90,4.1,2023-05-21
766,96,3.6,2024-08-10
105,14,3,2024-07-10
674,86,4.1,2024-04-19
283,38,3.5,2023-07-02
1644,198,2.2,2024-03-15
1626,196,2.9,2023-08-30
440,58,2.5,2023-07-23
1039,130,3.7,2024-12-06
912,113,3,2024-12-25
396,54,4.2,2024-07-29
466,61,3.5,2024-10-12
1665,200,3.6,2024-10-01
1103,135,2.7,2023-01-25
871,110,4.4,2024-01-02
1530,187,3.9,2023-07-15
1370,170,3.8,2023-03-11
309,42,3.5,2023-12-23
452,59,2.9,2023-08-20
1592,191,3.7,2023-01-01
933,116,3.9,2024-05-30
754,95,3.1,2024-02-05
1244,154,3.7,2024-08-12
724,92,3.4,2024-06-01
1470,179,3.1,2023-04-15
351,47,3.9,2024-08-11
70,8,3.7,2023-10-16
1302,162,4.2,2024-07-02
951,121,4.1,2024-09-18
1610,195,3.2,2023-05-01
903,113,2.8,2024-07-02
142,22,3,2023-06-06
828,103,2.7,2023-09-01
1479,182,3.4,2023-06-25
648,80,3,2024-04-04
643,78,4,2024-09-04
1184,147,4.3,2023-08-14
1617,195,3.7,2024-05-29
473,61,4,2024-01-06
269,31,4.2,2024-06-24
517,66,4,2023-07-06
869,110,4.4,2023-09-15
435,58,2.7,2024-03-17
1455,177,3.7,2024-09-17
1545,188,4.1,2024-09-01
1629,196,2.3,2024-07-03
1318,163,3.2,2023-02-18
535,66,4.2,2023-04-22
1486,184,4.2,2024-11-18
1444,176,3.9,2023-05-30
845,104,3.5,2024-12-19
94,12,4.2,2024-11-19
573,70,3.6,2023-10-02
1321,164,2.8,2023-03-11
640,78,4.1,2024-05-14
1314,163,2.4,2024-03-08
1681,200,3.8,2023-03-15
387,53,4.1,2024-03-24
165,24,3.3,2024-03-27
1164,145,3.3,2024-10-31
1457,177,3.7,2023-09-25
974,124,2.8,2023-03-03
877,110,3.9,2023-06-07
243,30,3.7,2024-12-02
546,67,3.5,2024-02-28
561,69,2.7,2024-02-24
1135,139,4,2023-06-02
529,66,4.3,2024-11-13
164,24,4.4,2024-01-27
488,63,2.9,2023-08-27
1637,198,2.5,2023-10-06
509,64,4,2024-12-09
1366,170,3.2,2023-01-16
108,14,2.7,2024-10-26
194,25,4.2,2023-03-25
986,125,2.3,2024-01-28
1216,150,4.1,2024-09-08
468,61,3.6,2023-04-22
955,122,3.3,2023-08-21
327,44,3.7,2023-06-26
742,95,2.9,2023-10-24
547,67,3.1,2023-08-29
1528,187,4.5,2023-11-22
508,64,3.8,2023-08-29
635,77,3.4,2024-04-11
1027,129,4.7,2023-02-25
756,95,3.5,2024-07-07
255,30,4.3,2024-10-08
1580,190,4.1,2024-05-08
1143,140,3.7,2023-03-25
544,67,3.2,2023-06-16
1098,135,2.7,2023-05-03
126,20,4.3,2023-05-30
1632,197,2.6,2024-09-28
477,62,3.9,2024-12-05
940,116,4.5,2023-06-26
1066,132,3.8,2024-06-28
884,110,3.6,2023-04-01
1009,128,3.2,2024-08-28
1540,187,3.8,2023-10-31
1015,128,3.5,2024-10-12
332,44,3.3,2024-08-17
220,27,3.7,2023-04-19
1282,157,3.5,2023-08-05
377,51,4.1,2024-11-12
1462,177,3.1,2024-06-14
1132,138,2.9,2023-12-08
1211,149,4.1,2023-06-02
195,25,3.6,2023-06-16
26,2,3.8,2023-09-24
1261,156,3.3,2024-02-26
1315,163,2.9,2023-10-12
347,47,3.8,2024-04-04
262,30,3.8,2023-12-10
623,77,3.5,2023-12-19
480,62,4.1,2023-06-04
1286,157,4.4,2023-01-06
1243,153,2.8,2024-08-16
305,41,3.5,2024-06-02
1587,190,3.4,2024-02-28
1192,147,3.4,2023-11-18
147,23,3.7,2024-04-17
1081,133,3.7,2024-04-13
682,88,3,2023-03-30
815,102,3.6,2023-09-28
507,64,3.7,2023-03-10
1541,187,3.7,2023-12-29
642,78,4.1,2023-11-29
1641,198,3.4,2023-08-24
98,13,3.4,2024-02-25
411,55,2.6,2024-05-04
1176,147,4.2,2023-04-16
580,72,2.4,2024-09-08
144,22,2.9,2024-05-28
549,67,3.3,2023-02-25
1269,157,4.5,2023-03-09
810,102,2.9,2023-05-24
924,114,3.5,2023-07-09
1662,200,3.9,2024-02-21
761,96,3.4,2024-09-27
228,28,3.6,2023-12-07
1330,165,3.6,2024-04-13
189,25,4.1,2023-06-10
420,55,2.9,2023-03-16
1240,153,2.5,2023-12-04
641,78,3.8,2024-04-26
1430,175,3.3,2024-10-26
850,104,3.2,2024-08-07
170,24,4.4,2024-10-10
352,47,4.1,2023-02-01
1480,182,3,2024-11-06
1394,173,3.7,2023-04-25
707,91,2.8,2023-12-16
1044,130,2.9,2023-08-26
1316,163,2.7,2024-02-11
1554,188,3.6,2023-06-08
109,15,3.9,2024-09-13
78,9,2.9,2024-05-26
847,104,3.9,2024-04-28
202,26,3.3,2023-07-12
1403,173,3.4,2024-12-25
1260,156,3.5,2024-05-29
1682,200,3.4,2023-11-22
135,22,3.3,2023-12-27
1593,191,3.5,2023-06-21
1124,137,3.2,2024-05-24
762,96,3.6,2023-10-14
1200,148,3.9,2024-04-16
370,51,3.9,2023-09-22
873,110,4.2,2024-02-07
1521,187,4,2024-04-05
1121,137,3.5,2024-02-25
18,2,3.7,2023-01-01
1238,153,3.3,2024-07-01
484,62,4,2024-12-31
1649,198,2.8,2023-09-28
1041,130,3.4,2024-12-26
45,6,3.1,2024-08-28
1565,188,4.2,2023-10-03
861,107,3.3,2024-07-08
320,43,2.9,2023-12-30
1401,173,3.5,2024-11-09
790,98,3.6,2024-09-15
1099,135,3.3,2024-11-12
1218,150,3.9,2024-06-10
1417,174,3.4,2024-07-08
1210,149,3.9,2023-05-11
1112,137,3.4,2023-03-07
1079,133,3.2,2023-09-08
190,25,3.8,2023-05-16
1065,132,3.6,2023-03-23
103,14,3.3,2023-01-20
476,62,3.7,2024-10-31
1357,170,3.5,2024-08-26
1231,152,2.8,2023-08-10
1526,187,4.2,2023-06-23
539,67,3,2023-07-04
1367,170,3.4,2023-07-28
116,19,3.8,2024-05-11
219,27,3.3,2024-11-05
748,95,3.9,2023-10-07
799,98,3.3,2023-05-21
497,64,3.7,2023-02-04
966,122,2.7,2024-02-20
1197,147,3.9,2024-07-28
492,63,2.8,2023-08-27
1172,147,4.4,2023-12-18
314,42,3.2,2024-10-29
235,30,4.3,2024-04-04
1468,178,3.4,2024-11-13
1591,191,3.8,2023-01-03
1267,156,3.4,2023-05-04
1226,150,3.3,2023-10-18
218,27,3.4,2024-03-16
42,6,3,2024-04-12
733,93,3.6,2024-07-23
1136,139,4.1,2024-01-22
1057,132,3.6,2023-06-26
214,26,3.3,2024-06-18
493,63,3.4,2023-06-25
463,61,3.4,2024-11-21
941,119,4,2023-04-27
989,125,3.3,2023-01-19
153,23,3.2,2023-08-13
1416,174,3.2,2023-07-01
1484,182,3.7,2024-05-12
1064,132,3.9,2023-12-05
211,26,3,2023-10-16
1498,184,3.7,2024-04-16
201,26,3,2024-05-21
814,102,3,2023-03-13
123,20,4.6,2023-05-03
91,12,4,2024-04-16
838,104,3.6,2024-02-08
1178,147,3.9,2024-09-14
499,64,3.9,2023-08-01
1429,175,3,2024-04-11
809,102,2.9,2024-01-29
744,95,3.1,2024-06-20
75,9,2.8,2023-02-25
1426,175,3.7,2024-05-05
1256,156,3.6,2023-10-02
851,104,3.4,2024-11-08
1271,157,4.3,2023-04-20
1485,182,3.7,2023-04-15
1646,198,2.7,2023-09-02
1001,126,3.1,2024-02-28
15,2,4.3,2023-07-25
1125,138,3.4,2024-02-18
1300,162,4,2024-10-05
491,63,3.1,2023-03-27
953,122,3.3,2023-05-13
1147,142,4.1,2023-11-10
747,95,3.4,2024-01-02
341,47,4.1,2023-04-10
364,50,2.8,2024-10-19
378,51,3.4,2024-02-16
300,41,3.6,2023-12-24
130,21,3.4,2023-07-16
835,104,3.8,2024-05-16
1113,137,3.8,2023-11-22
820,102,2.8,2023-05-18
1106,136,4.1,2024-05-31
1175,147,4.1,2023-06-10
1207,148,4,2023-07-09
735,93,3.3,2024-09-28
1497,184,4,2024-08-30
1435,175,3.8,2024-09-20
523,66,3.6,2024-10-29
831,104,3.7,2023-05-10
1532,187,4.1,2023-03-28
1472,179,3.9,2024-05-17
245,30,3.8,2024-04-24
412,55,3.3,2023-09-03
663,84,3.9,2023-07-09
1383,171,4,2024-12-20
1270,157,4.4,2024-10-10
251,30,3.7,2024-07-01
399,54,3.6,2024-12-08
959,122,3.4,2023-01-23
315,43,3.2,2024-07-25
301,41,3.5,2024-07-27
734,93,3.7,2023-07-30
524,66,4.1,2024-04-27
1513,187,4.2,2024-12-22
1095,135,2.9,2024-09-27
1559,188,3.9,2024-03-01
273,32,3.8,2024-03-20
859,107,3.3,2023-01-31
1459,177,3.6,2023-01-23
1029,129,4.5,2024-07-03
288,40,4.3,2023-06-09
1578,190,4,2023-08-28
501,64,4,2023-05-15
319,43,3.1,2024-08-09
258,30,3.8,2024-12-25
263,30,4.6,2024-01-15
590,73,3.8,2024-11-25
1324,164,2.8,2023-12-15
1331,165,4.6,2024-08-26
1546,188,4.2,2024-06-20
1589,190,4.3,2024-11-25
571,70,4.2,2023-03-14
1628,196,2.6,2024-03-10
914,113,2.6,2023-09-24
1142,139,3.9,2023-10-29
1664,200,4.6,2023-02-02
695,90,3.8,2023-12-07
532,66,4.2,2023-10-21
778,96,3.1,2024-07-02
248,30,3.7,2023-10-29
764,96,2.9,2024-03-30
1249,154,3.7,2024-11-21
339,47,4.1,2024-08-16
416,55,2.9,2023-09-20
372,51,3.9,2023-02-13
973,124,2.6,2024-02-21
559,68,3,2024-11-18
1104,135,3.1,2024-01-15
338,47,3.7,2024-06-09
540,67,3.3,2023-03-25
1021,129,3.8,2023-05-12
317,43,2.6,2024-11-04
462,61,4,2023-11-18
1386,171,3.2,2023-01-17
554,68,3.3,2024-01-22
1268,156,3.1,2023-11-10
234,30,4.2,2023-08-29
1586,190,4.1,2023-06-21
605,73,3.9,2023-03-18
472,61,3.1,2023-07-16
1572,189,4.1,2024-03-06
1489,184,3.9,2023-08-24
934,116,3.7,2023-02-06
1380,171,3.6,2023-01-30
198,25,4.3,2023-09-10
391,54,3.8,2023-07-12
1173,147,3.8,2023-11-02
1092,135,2.9,2024-07-04
821,102,3.5,2023-08-09
192,25,3.5,2024-03-08
1608,195,3.4,2023-04-15
538,67,3.8,2023-06-03
1046,130,2.2,2023-04-02
978,124,3,2024-06-15
1190,147,3.6,2023-08-18
29,3,3.8,2023-02-01
864,109,3.7,2024-01-15
418,55,3.2,2023-03-17
409,55,2.8,2024-09-09
644,78,4,2023-10-03
59,8,4.1,2024-01-03
381,52,3.8,2024-09-28
53,7,3.3,2024-12-11
1236,153,3.5,2024-06-23
578,71,3.2,2023-08-29
44,6,3.3,2023-04-29
999,126,4.2,2023-01-27
118,19,3.8,2023-04-16
222,28,4,2023-07-23
1516,187,3.9,2023-09-06
1337,166,3.4,2024-03-15
495,64,4.2,2024-09-18
394,54,4.1,2024-05-12
1032,129,3.9,2024-11-13
115,18,3.5,2023-07-24
792,98,4,2024-01-24
64,8,3.5,2023-06-13
139,22,2.9,2024-02-08
1648,198,3.5,2024-11-04
1491,184,4,2023-06-27
278,35,2.8,2023-09-09
1668,200,4,2023-09-02
921,114,3.8,2024-01-27
1129,138,3.8,2024-11-28
915,113,3,2023-10-04
51,6,3.6,2024-06-19
227,28,4.1,2023-11-10
279,37,4.1,2023-10-27
321,43,3.2,2024-08-20
564,70,3.6,2023-07-01
274,32,3.8,2024-06-29
739,94,2.9,2023-03-22
866,109,4.4,2024-10-02
1447,177,3.5,2024-04-19
672,85,2.8,2023-12-06
979,124,2.8,2023-04-30
199,25,4.4,2023-05-19
385,52,3.8,2023-07-29
163,24,4.4,2024-02-15
603,73,3.9,2023-03-06
516,66,4.2,2024-05-22
1030,129,4.2,2024-01-04
1449,177,3.4,2024-10-19
741,95,3,2023-02-09
260,30,4.1,2023-03-31
774,96,3.7,2023-03-20
711,92,3.6,2024-10-09
1241,153,3.3,2024-04-15
536,66,4.1,2023-06-13
1549,188,3.9,2024-04-07
548,67,3.7,2023-06-26
369,51,3.4,2023-05-15
1130,138,3.1,2024-02-06
525,66,4.3,2024-05-26
731,93,3.6,2023-03-15
755,95,3.2,2024-04-04
1343,168,2.4,2024-11-03
69,8,4,2023-09-29
445,58,2.6,2024-01-13
1332,165,4.4,2023-03-01
1640,198,3.4,2024-09-16
661,84,3.3,2024-02-16
684,88,3.1,2024-09-14
726,93,3.5,2024-11-24
388,53,3.2,2024-06-24
2,1,3.2,2024-12-08
886,110,3.8,2023-01-30
432,57,4.2,2023-07-30
1161,144,2.9,2024-04-13
24,2,4.1,2024-12-10
354,48,3.1,2023-10-03
611,76,3.2,2024-06-19
213,26,2.5,2023-01-11
1362,170,3.6,2024-05-07
41,6,3.5,2023-06-26
1655,199,3.1,2023-09-13
1460,177,3.6,2023-04-22
1010,128,3,2024-04-25
797,98,3.5,2023-09-02
1431,175,3.4,2024-06-01
97,13,3,2024-11-16
1258,156,3.4,2023-11-16
1077,133,2.9,2024-12-09
685,88,3.3,2023-03-06
1346,170,3.4,2023-10-05
1203,148,3.7,2024-03-25
911,113,3.1,2023-10-28
1084,133,2.7,2023-03-26
801,98,3.7,2023-04-03
200,25,3.8,2024-01-04
1680,200,3.8,2023-10-31
407,55,3.1,2024-02-21
171,24,4.2,2024-10-10
1577,190,4,2023-01-13
1339,166,3.4,2023-07-18
1349,170,3.9,2024-10-26
413,55,2.8,2023-06-17
1138,139,4.1,2023-05-02
169,24,3.5,2023-08-27
221,27,3.8,2023-11-23
679,86,4.2,2023-04-16
545,67,3.4,2023-11-18
606,74,4.4,2024-09-16
151,23,4,2024-03-31
1183,147,4,2023-06-10
1069,133,2.8,2023-05-02
926,115,3.2,2024-04-16
654,82,3.9,2023-01-13
193,25,4.4,2024-03-20
1412,174,3.6,2023-09-26
1295,160,3.3,2024-08-17
557,68,3.3,2024-07-20
357,50,3.1,2024-10-28
740,95,3.8,2023-02-22
1022,129,4.3,2024-09-17
1131,138,3,2024-12-03
1392,172,3.2,2024-04-14
1024,129,4.3,2024-10-26
1304,163,2.7,2023-08-07
1007,127,3.6,2024-03-03
459,61,3.5,2024-12-13
686,89,3.3,2023-04-27
1215,150,4,2023-04-17
406,55,2.6,2023-07-29
50,6,2.8,2023-12-18
825,102,2.9,2023-01-10
316,43,3.2,2024-01-30
74,9,2.6,2024-03-07
1558,188,3.6,2023-01-25
610,76,3.3,2024-02-15
712,92,3.5,2023-05-23
1013,128,3.2,2023-11-18
625,77,3.7,2024-03-22
750,95,3.5,2024-05-02
935,116,3.3,2024-08-28
1550,188,3.9,2024-09-07
34,4,3.1,2024-06-22
566,70,3.9,2024-04-15
1676,200,3.5,2024-11-27
675,86,4,2024-09-13
671,85,2.9,2023-11-28
355,49,4.2,2023-06-10
1409,174,3.9,2024-03-16
447,59,2.9,2023-01-11
505,64,3.3,2024-02-01
179,24,4.1,2024-04-14
146,23,3.9,2023-01-17
758,95,3.5,2024-05-08
961,122,3.7,2023-02-04
272,32,4.3,2024-03-30
822,102,2.8,2023-03-23
718,92,2.7,2023-10-02
565,70,3.5,2023-02-28
1420,175,3.1,2023-08-27
1181,147,4,2023-10-04
1384,171,3.9,2023-11-19
470,61,3.9,2024-03-08
526,66,4.1,2024-01-17
827,103,3.2,2024-08-24
90,12,3.7,2023-08-30
1494,184,3.9,2023-08-27
595,73,3.8,2024-03-14
294,40,4.2,2024-07-12
1067,132,4,2023-08-17
874,110,4.3,2023-08-08
1280,157,3.9,2023-05-31
1506,184,4.3,2024-10-02
964,122,3.6,2024-12-11
365,51,3,2023-06-24
1278,157,3.7,2023-07-05
231,28,3.8,2024-08-22
1483,182,3.1,2024-08-05
1107,136,3.4,2023-11-13
87,12,4,2024-06-01
37,5,4.7,2024-08-31
404,54,3.8,2024-04-15
384,52,3.6,2024-07-05
848,104,3.6,2023-05-28
1493,184,3.5,2024-06-28
1344,169,3.4,2024-04-07
415,55,2.9,2024-03-06
749,95,3.9,2023-01-14
196,25,4,2023-02-22
969,123,3.1,2024-06-23
276,34,3.2,2024-08-06
837,104,3.7,2024-01-10
1320,164,2.9,2024-11-22
271,32,3.7,2023-04-08
824,102,3.5,2024-02-18
403,54,4.2,2023-03-22
690,89,3.6,2023-02-11
574,70,4,2024-03-14
82,10,3.6,2023-12-26
1155,144,3.4,2023-03-12
197,25,4.5,2024-05-19
1446,177,3.6,2024-06-19
191,25,4.3,2024-07-11
853,105,3.2,2023-05-03
382,52,3.4,2023-07-13
1068,132,3.7,2024-09-23
1298,162,4.3,2024-03-22
89,12,4.3,2023-07-04
30,3,4.6,2024-12-25
395,54,3.7,2024-04-01
646,79,3.1,2024-09-02
902,113,3,2024-01-28
913,113,3.2,2023-09-12
311,42,3.2,2023-02-24
576,70,3.7,2023-09-08
180,24,3.6,2024-07-25
9,1,3.9,2023-07-03
569,70,3.8,2023-04-15
1252,155,3.9,2024-10-21
962,122,3.6,2023-07-16
1319,164,3.1,2024-04-01
374,51,4,2024-05-31
916,113,3.4,2023-09-19
1360,170,3.4,2024-10-31
1615,195,3.7,2023-03-17
617,77,3.7,2023-11-28
346,47,3.8,2023-11-02
692,90,4.5,2023-02-02
1333,165,4.2,2023-07-31
823,102,2.8,2023-05-04
261,30,3.4,2023-01-03
1427,175,3.7,2024-01-17
439,58,3.3,2023-02-05
948,120,2.9,2024-11-27
306,41,3.8,2024-07-16
922,114,3.1,2024-03-27
721,92,3.7,2023-01-10
1422,175,3.8,2024-11-02
503,64,3.7,2023-01-08
1035,129,4.1,2024-03-23
836,104,3.6,2024-06-20
892,111,3.3,2024-06-19
872,110,4,2024-10-09
342,47,4,2024-10-26
1475,179,3.7,2023-12-20
1636,198,3.1,2023-08-21
1622,196,3,2024-04-14
1234,153,2.9,2023-01-31
784,98,3.9,2024-07-30
236,30,3.9,2024-11-11
1669,200,4.4,2024-11-06
1642,198,3.5,2024-12-13
1582,190,4.2,2023-12-16
722,92,3.3,2024-10-01
174,24,4.5,2023-09-13
1096,135,2.6,2024-10-03
265,31,4,2024-06-12
893,111,3.6,2023-10-23
1537,187,4.4,2024-01-06
537,67,3.6,2023-01-12
1562,188,3.6,2023-09-12
1538,187,4.5,2024-12-03
1614,195,3.9,2023-04-30
207,26,2.8,2023-03-17
1328,165,4.4,2024-05-05
730,93,3.4,2023-02-21
293,40,4.2,2024-10-11
1490,184,4,2024-05-08
1311,163,3.1,2023-07-11
608,76,3.6,2024-10-07
572,70,3.8,2023-08-22
1487,184,4.2,2024-03-31
1220,150,3.9,2024-01-01
154,23,3.7,2023-06-23
1166,145,2.8,2024-08-12
453,59,2.8,2023-10-24
1026,129,3.9,2024-09-28
361,50,3.1,2023-03-10
1219,150,4.4,2023-05-07
1263,156,3.9,2023-12-09
551,67,3.2,2023-01-15
885,110,3.9,2023-07-01
76,9,3,2023-01-09
1120,137,3,2023-02-12
896,111,3.6,2024-03-26
1250,154,3.5,2023-05-29
1233,153,3.3,2023-12-13
575,70,3.3,2024-10-13
708,92,3.5,2023-07-30
1571,188,4,2023-04-15
36,5,4,2023-12-10
906,113,2.7,2023-05-15
728,93,3.6,2024-06-08
556,68,2.7,2023-11-05
1539,187,3.7,2023-05-19
1050,130,3,2024-10-20
27,3,4,2023-01-12
522,66,4.6,2023-01-11
958,122,3.6,2024-07-27
541,67,3.5,2024-03-21
729,93,3.5,2023-01-04
930,116,4.4,2024-08-31
7,1,3,2023-11-24
1146,141,4.1,2024-09-20
1074,133,2.9,2024-03-17
798,98,3.4,2024-04-03
46,6,3.2,2024-08-10
1292,158,4,2024-09-30
839,104,3.8,2024-08-05
1262,156,3.6,2023-07-04
1177,147,4.1,2024-12-20
521,66,4,2023-01-05
519,66,4,2024-06-30
965,122,3,2023-04-20
1410,174,3.8,2024-10-02
1167,146,4,2024-06-28
1534,187,3.5,2023-11-05
751,95,3.4,2023-07-20
1408,174,3.3,2023-11-18
506,64,4.2,2024-06-04
655,82,3.5,2023-06-07
1115,137,3.2,2023-07-13
1613,195,3.4,2023-04-05
125,20,3.9,2024-05-14
1040,130,3.4,2023-01-09
345,47,4.5,2023-04-16
1182,147,4.1,2024-06-01
286,40,3.8,2023-09-26
607,76,3.4,2024-04-15
1581,190,4,2024-02-03
656,83,2.8,2024-05-16
100,13,3.1,2023-07-14
704,90,4.3,2024-06-06
1003,126,3.7,2024-07-14
446,59,3.4,2024-10-03
68,8,4.2,2023-01-18
208,26,2.6,2024-09-08
789,98,3.7,2023-05-02
737,93,3.7,2023-03-03
604,73,4.4,2024-11-06
1503,184,3.7,2023-02-26
584,73,4.3,2023-12-31
1179,147,4.2,2023-04-04
867,109,4.1,2023-09-07
287,40,3.4,2024-07-02
1049,130,2.4,2024-11-29
634,77,3.5,2023-10-18
1086,133,3.2,2023-04-02
1312,163,3.2,2024-09-06
1038,130,2.7,2024-12-11
117,19,4.2,2023-03-04
1348,170,3.3,2024-06-17
1140,139,4.2,2023-05-23
450,59,2.5,2024-07-16
1148,142,3.8,2023-05-16
1323,164,2.7,2023-12-31
770,96,3,2023-02-14
1075,133,3.1,2023-01-29
1387,171,3.3,2023-03-20
469,61,3.4,2024-10-06
1355,170,3,2024-02-12
783,98,3.3,2024-02-02
1185,147,3.8,2024-02-24
618,77,3.7,2023-07-20
28,3,3.9,2023-03-14
458,61,3.6,2023-09-08
419,55,3,2024-06-01
430,57,3.7,2023-09-26
647,79,3.3,2023-11-19
1524,187,4.1,2024-01-24
614,76,3.2,2024-05-14
676,86,4.2,2024-02-10
160,24,3.5,2024-01-13
802,99,3.6,2023-04-13
252,30,4.1,2024-09-08
72,8,3.7,2023-11-13
533,66,4.6,2024-12-29
615,77,3.3,2023-06-23
651,81,3,2024-11-03
698,90,3.7,2023-12-23
1439,176,3.8,2024-11-05
833,104,3.4,2024-09-02
975,124,2.6,2023-03-29
23,2,4,2024-10-14
582,73,4.4,2023-11-01
673,85,3.5,2024-08-04
478,62,4.7,2024-12-04
330,44,3.2,2024-08-28
444,58,3,2023-02-07
1606,195,3,2024-11-29
249,30,3.7,2024-05-27
266,31,4.4,2024-04-18
528,66,4,2023-09-29
465,61,3.1,2023-06-06
348,47,4.3,2024-05-09
58,8,4,2024-11-30
796,98,3.5,2023-12-07
883,110,4.3,2023-07-13
371,51,3.1,2023-05-21
1597,192,3.7,2023-10-14
1453,177,3.4,2023-06-15
292,40,4.1,2024-08-20
1309,163,2.6,2024-08-16
1283,157,4.5,2024-12-15
890,111,3.9,2024-07-08
389,53,3,2024-10-01
844,104,3.5,2023-03-19
1505,184,4.2,2024-04-01
1507,184,3.9,2023-06-07
1239,153,3,2023-01-13
1288,158,3.9,2024-05-10
947,120,3.8,2023-09-14
1047,130,2.9,2024-05-25
878,110,3.9,2024-09-27
691,89,3.5,2024-02-09
1110,136,3.5,2024-09-19
1209,149,3.4,2024-06-07
600,73,3.6,2023-03-12
1254,155,3.9,2024-06-06
1004,126,3.5,2024-09-21
925,115,3.2,2023-06-26
1448,177,3.9,2024-02-27
152,23,3.3,2024-11-18
405,54,3.7,2024-03-12
1345,169,3.7,2023-01-18
769,96,3.8,2024-03-11
1072,133,2.7,2024-03-06
1501,184,3.9,2023-01-06
1277,157,3.9,2024-12-20
49,6,3.2,2023-04-13
677,86,4.3,2024-01-03
699,90,4.3,2024-09-15
20,2,4.2,2024-04-08
904,113,3.3,2023-12-01
1428,175,3.5,2023-03-23
1365,170,3.8,2024-11-01
1421,175,3.8,2023-01-25
173,24,3.6,2024-02-29
1257,156,3.9,2023-05-06
304,41,3.6,2024-05-23
1527,187,3.9,2024-11-15
57,7,3.3,2023-08-04
80,9,2.8,2024-04-26
832,104,3.3,2024-10-12
513,65,4.4,2023-01-22
1169,146,3.5,2023-03-23
1225,150,4.2,2024-03-11
1588,190,4.4,2023-12-13
996,126,3.4,2024-08-13
84,11,3.5,2023-08-10
10,1,3.3,2024-07-18
1168,146,3.1,2024-06-13
401,54,3.9,2024-06-30
337,47,4,2024-10-24
858,107,3.1,2024-04-14
917,113,3.2,2024-07-07
14,2,3.7,2023-10-03
1347,170,3.4,2023-07-22
1517,187,4.2,2024-05-30
1023,129,4.4,2024-03-08
1275,157,3.8,2024-05-26
386,53,3,2024-05-29
268,31,3.7,2023-08-07
259,30,4.4,2024-04-30
888,110,3.9,2024-10-27
1094,135,2.9,2024-12-11
436,58,2.9,2024-12-05
597,73,3.6,2024-10-07
1499,184,3.9,2024-09-14
681,87,3.6,2023-06-04
1153,144,3.8,2023-01-28
638,78,4,2023-02-22
95,13,3,2024-02-18
1255,155,3.6,2024-07-16
178,24,4.9,2024-11-19
811,102,3.1,2023-11-19
1553,188,4.2,2024-05-18
732,93,3.6,2023-02-26
1393,173,3.4,2023-08-27
563,69,3.2,2024-12-20
709,92,3.8,2023-06-09
1097,135,2.6,2023-08-02
1246,154,3.2,2024-08-01
1031,129,3.8,2023-10-21
318,43,3.5,2024-12-06
40,5,3.2,2024-06-26
1194,147,4.1,2023-05-14
1052,130,3.6,2023-12-10
779,97,3.1,2023-08-26
1235,153,2.6,2024-04-02
977,124,3.4,2023-11-07
1579,190,4.1,2024-05-10
678,86,3.3,2023-07-06
553,68,2.6,2024-07-02
619,77,3.6,2023-07-13
830,104,3.7,2023-11-23
550,67,3.9,2023-09-01
360,50,3.4,2023-01-22
1134,139,4.3,2024-12-05
1359,170,3.4,2024-01-20
148,23,3.9,2023-09-29
1601,193,3.7,2024-11-28
1351,170,3.3,2023-07-03
1353,170,3.5,2023-06-11
111,16,4.2,2023-06-18
552,68,3,2023-10-30
1237,153,3.5,2023-02-03
101,13,3.3,2023-06-26
657,84,3.4,2024-11-01
1605,195,3.7,2024-05-16
335,44,3.1,2024-10-22
1205,148,4,2023-09-19
1652,199,2.6,2023-09-30
457,61,3.4,2023-03-07
1631,196,3.5,2024-01-26
882,110,3.5,2024-02-17
1229,151,3.3,2024-12-03
296,40,3.6,2023-01-02
795,98,3.3,2023-02-26
995,126,3.7,2023-07-22
870,110,3.9,2023-05-12
113,18,3.3,2023-10-29
1127,138,4,2024-05-29
868,109,3.8,2024-02-12
511,65,3.7,2023-12-09
359,50,3.2,2023-12-26
253,30,4.4,2023-08-31
1391,172,3.3,2024-05-23
1563,188,4,2024-07-27
1340,166,3.5,2023-07-02
543,67,3.3,2024-06-21
664,84,3.8,2023-09-05
187,24,4.2,2023-11-06
1560,188,4.1,2023-02-27
423,57,4.4,2023-03-02
1381,171,3.1,2023-05-11
1656,199,3.1,2023-04-05
771,96,3.5,2023-06-01
217,27,3.6,2023-11-07
438,58,3,2023-09-13
